ID,Subscription,Refill,Interval,Price per interval,PaymentMethod,CodeUsed,Country,Quantity,Products,Transactions,Revenue,DaysSinceLastOrder,SubscriptionLifetime,StopReason,StopReasonExtraMessage,Active
2092329948149575290,1,0,3,5.0,ideal,0,Nederland,1,Brush,1,54.0,217 ,217,,,0
12849545117712085541,1,0,2,10.0,ideal,0,Nederland,1,Brush,1,98.0,66 ,66,,,0
8144808881881603173,1,0,2,5.0,ideal,0,Nederland,1,Brush,1,69.0,66 ,66,,,0
14457143150027122736,1,0,3,10.0,ideal,0,Nederland,1,Brush,1,98.0,66 ,66,,,0
9143720643862541019,1,0,3,10.0,ideal,0,Nederland,1,Brush,1,98.0,66 ,66,,,0
10926515571155703347,1,0,2,5.0,ideal,0,Nederland,1,Brush,1,49.0,66 ,66,,,0
7860386273841242005,1,0,3,10.0,ideal,0,Nederland,2,Brush,2,147.0,66 ,66,,,0
6358434064837544706,1,0,3,10.0,paypal,0,Nederland,1,Brush,1,98.0,66 ,66,,,0
11746536310016686914,1,0,3,5.0,creditcard,0,Nederland,1,Brush,1,69.0,66 ,66,,,0
2804492718261522268,1,0,3,5.0,ideal,0,Nederland,1,Brush,1,69.0,66 ,66,,,0
982014640712641027,1,0,2,5.0,ideal,0,Nederland,1,Brush,1,59.0,66 ,66,,,0
16980505942545337569,0,0,3,5.0,ideal,0,Nederland,1,Brush,1,59.0,66 ,66,,,1
3097298802046789202,1,0,3,5.0,ideal,0,Nederland,1,Brush,1,59.0,66 ,66,,,0
18410470133223644928,1,0,3,5.0,ideal,0,Nederland,1,Brush,1,59.0,65 ,65,,,0
3593312783142525313,1,0,3,5.0,ideal,0,Nederland,1,Brush,1,59.0,65 ,65,,,0
10553858868509974456,0,0,2,5.0,ideal,0,Nederland,1,Brush,1,49.0,65 ,65,,,1
6078612213743548301,1,0,2,5.0,ideal,0,Nederland,1,Brush,1,59.0,65 ,65,,,0
7316888033561635806,1,0,3,5.0,ideal,0,Nederland,3,Brush,3,146.0,21 ,65,,,0
11056742790466250765,1,0,2,5.0,ideal,0,Nederland,1,Brush,1,59.0,65 ,65,,,0
13585700814757968933,1,0,3,5.0,ideal,0,Nederland,1,Brush,1,54.0,216 ,216,,,0
16616716005059500499,1,0,2,10.0,ideal,0,Nederland,1,Brush,1,98.0,65 ,65,,,0
2807551524959266884,1,0,3,5.0,ideal,0,Nederland,1,Brush,1,59.0,65 ,65,,,0
15056058060736151856,1,0,3,5.0,ideal,0,Nederland,1,Brush,1,59.0,65 ,65,,,0
3468240274629237542,1,0,2,10.0,ideal,0,Nederland,1,Brush,1,98.0,65 ,65,,,0
980150487856794791,1,0,3,5.0,ideal,0,Nederland,1,Brush,1,79.0,65 ,65,,,0
8900580137940178426,1,0,3,5.0,paypal,0,Nederland,1,Brush,1,59.0,65 ,65,,,0
16705789012441344101,1,0,2,5.0,ideal,0,Nederland,1,Brush,1,59.0,65 ,65,,,0
6930417139726957105,1,0,2,5.0,ideal,0,Nederland,3,Heads,1,59.0,64 ,1,Ik heb nog borstelkopjes,,1
9190685809429873146,1,0,3,10.0,ideal,0,Nederland,1,Brush,1,59.0,216 ,216,,,0
11701194206321367400,1,0,3,5.0,ideal,0,Nederland,1,Brush,1,59.0,64 ,64,,,0
10394669637098737025,1,0,2,5.0,ideal,0,Nederland,1,Brush,1,49.0,64 ,64,,,0
989692162345027689,1,0,2,5.0,paypal,0,Nederland,1,Brush,1,49.0,64 ,64,,,0
14302136601454209291,1,0,3,5.0,ideal,0,Nederland,1,Brush,1,79.0,64 ,64,,,0
2785003033602210435,1,0,3,5.0,creditcard,0,Nederland,1,Brush,1,59.0,64 ,64,,,0
8019391083294257373,1,0,3,5.0,ideal,0,Nederland,1,Brush,1,59.0,64 ,64,,,0
14337157005436584057,1,0,2,5.0,ideal,0,Nederland,1,Brush,1,49.0,64 ,64,,,0
878680081336990355,1,0,2,5.0,paypal,0,Nederland,1,Brush,1,59.0,64 ,64,,,0
6008167547059224202,1,0,2,5.0,ideal,0,Nederland,1,Brush,1,59.0,64 ,64,,,0
15355169878858886788,1,0,3,5.0,ideal,0,Nederland,1,Brush,1,54.0,215 ,215,,,0
722200958363799690,1,0,3,5.0,paypal,0,Nederland,1,Brush,1,59.0,64 ,64,,,0
15703099007693156798,1,0,2,10.0,ideal,0,Nederland,2,Brush,2,177.0,11 ,64,,,0
10333552501388925456,1,0,2,5.0,ideal,0,Nederland,1,Brush,1,69.0,64 ,64,,,0
231151586908095279,1,0,3,5.0,ideal,0,Nederland,1,Brush,1,59.0,64 ,64,,,0
12377385007815017393,1,0,3,10.0,ideal,0,Nederland,1,Brush,1,98.0,64 ,64,,,0
9261433223730903571,1,0,3,5.0,ideal,0,Nederland,1,Brush,1,59.0,64 ,64,,,0
8304585558606337644,1,0,3,5.0,paypal,0,Nederland,2,Heads,1,54.0,64 ,64,,,0
521309028692251414,1,0,2,5.0,ideal,0,Nederland,1,Brush,1,59.0,64 ,64,,,0
8042277878521268360,1,0,3,5.0,ideal,0,Nederland,1,Brush,1,59.0,64 ,64,,,0
3586815104147056644,1,0,3,10.0,ideal,0,Nederland,1,Brush,1,54.0,215 ,215,,,0
13720583500974671082,1,0,3,5.0,ideal,0,Nederland,1,Brush,1,59.0,64 ,64,,,0
9780086345972169304,1,0,3,5.0,ideal,0,Nederland,1,Brush,1,59.0,64 ,64,,,0
12693925001627043110,1,0,2,5.0,ideal,0,Nederland,1,Brush,1,49.0,63 ,63,,,0
6592455766511263161,1,0,3,5.0,paypal,0,Nederland,1,Brush,1,59.0,63 ,63,,,0
16065771534883619984,1,0,3,10.0,paypal,0,Nederland,1,Brush,1,98.0,63 ,63,,,0
2159116679220094625,1,0,2,5.0,paypal,0,Nederland,1,Brush,1,69.0,63 ,63,,,0
9710370369204447007,1,0,3,5.0,ideal,0,Nederland,1,Brush,1,54.0,215 ,215,,,0
10442890906728898104,1,0,3,10.0,ideal,0,Nederland,1,Brush,1,98.0,63 ,63,,,0
11835223427816078796,1,0,3,5.0,ideal,0,Nederland,1,Brush,1,49.0,63 ,63,,,0
1841553387978985424,1,0,3,5.0,ideal,0,Nederland,1,Brush,1,59.0,63 ,63,,,0
18155312542746288267,1,0,3,10.0,ideal,0,Nederland,1,Brush,1,118.0,63 ,63,,,0
17681061640471441222,1,0,2,5.0,ideal,0,Nederland,1,Brush,1,59.0,63 ,63,,,0
13544868969870315057,1,0,3,5.0,paypal,0,Nederland,1,Brush,1,69.0,61 ,61,,,0
6925041060827556222,1,0,3,5.0,ideal,0,Nederland,1,Brush,1,59.0,63 ,63,,,0
2402966449759485368,1,0,3,10.0,ideal,0,Nederland,1,Brush,1,98.0,63 ,63,,,0
8346844482079817240,1,0,3,10.0,ideal,0,Nederland,1,Brush,1,98.0,63 ,63,,,0
7371741277100764155,1,0,3,5.0,ideal,0,Nederland,1,Brush,1,49.0,63 ,63,,,0
1457276385959472897,1,0,3,5.0,ideal,0,Nederland,1,Brush,1,59.0,63 ,63,,,0
3834546057186684847,1,0,2,5.0,ideal,0,Nederland,1,Brush,1,59.0,63 ,63,,,0
14863565139455775742,1,0,3,10.0,paypal,0,Nederland,1,Brush,1,118.0,63 ,63,,,0
15568317465749582675,1,0,3,5.0,ideal,0,Nederland,1,Brush,1,79.0,63 ,63,,,0
2332741262122699313,0,0,3,10.0,paypal,0,Nederland,1,Brush,1,118.0,63 ,63,,,1
18345079346259768335,1,0,3,5.0,ideal,0,Nederland,1,Brush,1,69.0,63 ,63,,,0
878628228032607658,1,0,2,5.0,paypal,0,Nederland,1,Brush,1,59.0,63 ,63,,,0
11147281675936296148,1,0,3,10.0,ideal,0,Nederland,1,Brush,1,98.0,63 ,63,,,0
16392489912132223678,1,0,3,10.0,ideal,0,Nederland,3,Brush,3,157.0,62 ,62,,,0
11512884158783936317,1,0,3,5.0,ideal,0,Nederland,1,Brush,1,69.0,214 ,214,,,0
15603631728541996750,1,0,3,10.0,ideal,0,Nederland,1,Brush,1,98.0,62 ,62,,,0
4125774662990549136,1,0,2,10.0,ideal,0,Nederland,2,Brush,2,108.0,62 ,62,,,0
4324426463177775862,1,0,2,5.0,ideal,0,Nederland,1,Brush,1,59.0,62 ,62,,,0
14531290821776903394,0,0,3,10.0,ideal,0,Nederland,1,Brush,1,118.0,62 ,62,,,0
9125882766947149980,1,0,3,10.0,creditcard,0,Nederland,1,Brush,1,98.0,62 ,62,,,0
9614952012776062092,0,0,3,5.0,ideal,0,Nederland,1,Brush,1,59.0,62 ,62,,,1
5783237444950107479,1,0,2,5.0,ideal,0,Nederland,1,Brush,1,49.0,62 ,62,,,0
1074352223448569226,1,0,3,10.0,paypal,0,Nederland,1,Brush,1,118.0,62 ,62,,,0
5618273908092892137,1,0,3,10.0,ideal,0,Nederland,1,Brush,1,54.0,213 ,213,,,0
8704005684756308428,1,0,2,5.0,paypal,0,Nederland,1,Brush,1,59.0,61 ,61,,,0
4879608382076943991,1,0,3,5.0,ideal,0,Nederland,1,Brush,1,59.0,61 ,61,,,0
15972818496181010393,1,0,3,5.0,ideal,0,Nederland,1,Brush,1,49.0,61 ,61,,,0
5451908994867726456,1,0,3,5.0,paypal,0,Nederland,1,Brush,1,49.0,61 ,61,,,0
5289044467183505736,1,0,2,5.0,ideal,0,Nederland,1,Brush,1,59.0,61 ,61,,,0
18325563663669721105,1,0,2,10.0,ideal,0,Nederland,1,Brush,1,118.0,61 ,61,,,0
11866012411734094281,1,0,2,5.0,ideal,0,Nederland,1,Brush,1,59.0,61 ,61,,,0
13951764139698301267,1,0,2,10.0,creditcard,0,Nederland,1,Brush,1,69.0,112 ,163,Other,werkt dit eigenlijk?,1
8774207353035754699,1,0,3,5.0,ideal,0,Nederland,1,Brush,1,69.0,212 ,212,,,0
18269982434657298254,1,0,3,5.0,ideal,0,Nederland,1,Brush,1,49.0,61 ,61,,,0
1459368236885273929,1,0,2,5.0,ideal,0,Nederland,1,Brush,1,59.0,61 ,61,,,0
4785413489526169954,1,0,2,10.0,ideal,0,Nederland,1,Brush,1,118.0,61 ,61,,,0
10863158811623863861,1,0,2,5.0,ideal,0,Nederland,1,Brush,1,59.0,61 ,61,,,0
16713771256826565486,1,0,2,5.0,paypal,0,Nederland,1,Brush,1,49.0,61 ,61,,,0
5133122818208974001,1,0,2,5.0,ideal,0,Nederland,1,Brush,1,59.0,61 ,61,,,0
7055538257474694359,1,1,2,10.0,paypal,0,Nederland,6,Brush,3,216.0,61 ,61,,,0
18258191009792835197,1,0,3,5.0,paypal,0,Nederland,1,Brush,1,49.0,60 ,60,,,0
13295181731352603830,1,0,3,10.0,ideal,0,Nederland,1,Brush,1,98.0,60 ,60,,,0
16366075667949985477,1,0,3,5.0,ideal,0,Nederland,1,Brush,1,49.0,60 ,60,,,0
14849124851562174317,1,0,3,10.0,ideal,0,Nederland,1,Brush,1,98.0,60 ,60,,,0
3163928879406411815,1,0,2,5.0,ideal,0,Nederland,1,Brush,1,79.0,60 ,60,,,0
5700183627448330193,1,0,3,5.0,ideal,0,Nederland,3,Heads,1,79.0,60 ,60,,,0
11387830789627417116,1,0,2,10.0,paypal,0,Nederland,1,Brush,1,118.0,60 ,60,,,0
3058791451689756806,1,0,2,5.0,paypal,0,Nederland,1,Brush,1,59.0,60 ,60,,,0
7209462318020999159,1,0,2,10.0,ideal,0,Nederland,5,Brush,3,372.0,60 ,60,,,0
12163597029443120557,1,0,3,5.0,ideal,0,Nederland,1,Brush,1,49.0,60 ,60,,,0
7508598467882006714,1,0,3,5.0,creditcard,0,Nederland,1,Brush,1,59.0,60 ,60,,,0
7766978622359540062,0,0,2,10.0,ideal,0,Nederland,1,Brush,1,98.0,59 ,59,,,0
4756726702013521053,1,0,3,5.0,ideal,0,Nederland,1,Brush,1,79.0,59 ,59,,,0
2328677938472998843,1,0,3,10.0,ideal,0,Nederland,1,Brush,1,98.0,59 ,59,,,0
10621263192391622467,1,0,3,5.0,ideal,0,Nederland,1,Brush,1,49.0,59 ,59,,,0
9124986713471753488,1,0,3,5.0,ideal,0,Nederland,1,Brush,1,59.0,59 ,59,,,0
9960362601556339041,1,0,2,5.0,ideal,0,Nederland,1,Brush,1,29.0,59 ,59,,,0
6635089301614044770,1,0,3,5.0,ideal,0,Nederland,1,Brush,1,59.0,59 ,59,,,0
85671678049119561,1,0,3,10.0,ideal,0,Nederland,1,Brush,1,98.0,59 ,59,,,0
5296275542687124291,1,0,3,5.0,ideal,0,Nederland,2,Heads,1,84.0,59 ,59,,,0
17729924925265845459,1,0,3,5.0,ideal,0,Nederland,1,Brush,1,49.0,59 ,59,,,0
6286137562483355822,1,0,2,10.0,ideal,0,Nederland,1,Brush,1,98.0,59 ,59,,,0
5057724302244753210,1,0,2,5.0,creditcard,0,Nederland,1,Brush,1,79.0,59 ,59,,,0
15769689520620085024,1,0,3,5.0,ideal,0,Nederland,1,Brush,1,69.0,59 ,59,,,0
15024820967816699258,1,0,2,5.0,ideal,0,Nederland,1,Brush,1,59.0,59 ,59,,,0
10910700024083239025,1,0,3,5.0,ideal,0,Nederland,1,Brush,1,79.0,59 ,59,,,0
5930558639921463248,1,0,2,5.0,ideal,0,Nederland,1,Brush,1,59.0,58 ,58,,,0
4802274902586195272,1,0,3,5.0,ideal,0,Nederland,1,Brush,1,79.0,58 ,58,,,0
9174588856996449749,1,0,2,5.0,ideal,0,Nederland,1,Brush,1,59.0,58 ,58,,,0
5683216913311147970,1,0,3,5.0,ideal,0,Nederland,1,Brush,1,69.0,204 ,204,,,0
8480797611775627834,1,0,3,5.0,ideal,0,Nederland,1,Brush,1,59.0,58 ,58,,,0
4896423504644705771,1,0,2,10.0,ideal,0,Nederland,1,Brush,1,118.0,58 ,58,,,0
14033144248642689358,1,0,3,5.0,ideal,0,Nederland,1,Brush,1,49.0,58 ,58,,,0
15637702101113266468,1,0,2,5.0,ideal,0,Nederland,1,Brush,1,59.0,58 ,58,,,0
18162787999875888958,1,0,3,5.0,paypal,0,Nederland,1,Brush,1,59.0,57 ,57,,,0
10639402319874357116,1,0,2,5.0,ideal,0,Nederland,1,Brush,1,59.0,57 ,57,,,0
10456384439887744252,1,1,3,10.0,creditcard,0,Nederland,8,Brush,2,246.0,118 ,204,,,1
15906403905354870147,1,0,2,5.0,ideal,0,Nederland,1,Brush,1,49.0,57 ,57,,,0
16929077899434675612,1,0,3,5.0,ideal,0,Nederland,1,Brush,1,59.0,57 ,57,,,0
18118967922206796849,1,0,2,5.0,ideal,0,Nederland,1,Brush,1,49.0,57 ,57,,,0
3150839040240949065,1,0,2,5.0,ideal,0,Nederland,1,Brush,1,59.0,57 ,57,,,0
14918891033534468840,1,0,2,5.0,paypal,0,Nederland,1,Brush,1,49.0,57 ,57,,,0
2458830312023663244,1,0,3,10.0,ideal,0,Nederland,1,Brush,1,98.0,57 ,57,,,0
11905271228717394509,1,0,3,10.0,ideal,0,Nederland,1,Brush,1,98.0,57 ,57,,,0
5029359627721537288,1,0,3,10.0,ideal,0,Nederland,1,Brush,1,98.0,57 ,57,,,0
10766486190644565627,1,0,3,10.0,ideal,0,Nederland,6,Heads,1,126.4,203 ,203,,,0
2653014394352546759,1,0,3,5.0,creditcard,0,Nederland,1,Brush,1,49.0,57 ,57,,,0
8591568636177342933,1,0,2,10.0,paypal,0,Nederland,1,Brush,1,98.0,56 ,56,,,0
6501314715541072700,1,0,3,5.0,ideal,0,Nederland,1,Brush,1,59.0,56 ,56,,,0
17743578564437024909,1,0,3,10.0,ideal,0,Nederland,1,Brush,1,98.0,56 ,56,,,0
8917202816420675156,1,0,3,5.0,ideal,0,Nederland,1,Brush,1,59.0,56 ,56,,,0
11334844294317802452,1,0,2,5.0,ideal,0,Nederland,1,Brush,1,59.0,56 ,56,,,0
13928967918570104295,1,0,3,10.0,ideal,0,Nederland,1,Brush,1,98.0,56 ,56,,,0
2704614161085296884,1,0,2,5.0,ideal,0,Nederland,1,Brush,1,59.0,56 ,56,,,0
8979191925096565949,1,0,3,5.0,ideal,0,Nederland,1,Brush,1,49.0,56 ,56,,,0
8975697075005471577,1,0,2,5.0,ideal,0,Nederland,2,Heads,1,64.0,56 ,56,,,0
3672187788796826861,1,0,2,5.0,ideal,0,Nederland,1,Brush,1,49.0,56 ,56,,,0
6218193517893077298,1,0,3,10.0,ideal,0,Nederland,1,Brush,1,98.0,56 ,56,,,0
16569415978166880144,1,0,2,5.0,ideal,0,Nederland,1,Brush,1,49.0,56 ,56,,,0
15773398928988591897,1,0,3,5.0,ideal,0,Nederland,1,Brush,1,49.0,56 ,56,,,0
10279044116047004164,1,0,2,5.0,ideal,0,Nederland,1,Brush,1,59.0,55 ,55,,,0
4809216584215890216,1,0,3,5.0,ideal,0,Nederland,1,Brush,1,59.0,55 ,55,,,0
13863158415636044849,1,0,3,5.0,ideal,0,Nederland,1,Brush,1,59.0,55 ,55,,,0
1684784631515774593,1,0,3,5.0,ideal,0,Nederland,1,Brush,1,59.0,55 ,55,,,0
15560078650184302950,1,0,2,5.0,ideal,0,Nederland,1,Brush,1,59.0,55 ,55,,,0
18370797922126827446,1,0,3,5.0,creditcard,0,Nederland,1,Brush,1,59.0,199 ,199,,,0
5137452452470791231,1,0,3,5.0,ideal,0,Nederland,1,Brush,1,49.0,55 ,55,,,0
6901273935708566400,1,0,3,5.0,ideal,0,Nederland,1,Brush,1,59.0,55 ,55,,,0
13648202054851762484,1,0,2,5.0,ideal,0,Nederland,1,Brush,1,59.0,55 ,55,,,0
15503922870704967080,1,0,2,5.0,ideal,0,Nederland,1,Brush,1,59.0,55 ,55,,,0
6834442129824853629,1,0,2,10.0,ideal,0,Nederland,1,Brush,1,98.0,55 ,55,,,0
6009166465316279877,1,0,2,5.0,ideal,0,Nederland,1,Brush,1,49.0,55 ,55,,,0
7739055077105344362,1,0,3,5.0,ideal,0,Nederland,1,Brush,1,49.0,55 ,55,,,0
1972882586939535225,1,0,3,10.0,ideal,0,Nederland,1,Brush,1,98.0,54 ,54,,,0
2899523397423327914,1,0,3,5.0,paypal,0,Nederland,1,Brush,1,49.0,54 ,54,,,0
16532752730068381004,1,0,3,5.0,ideal,0,Nederland,1,Brush,1,69.0,198 ,198,,,0
10774735259801269876,1,0,2,10.0,ideal,0,Nederland,1,Brush,1,118.0,54 ,54,,,0
16035810709728169147,1,0,2,5.0,ideal,0,Nederland,1,Brush,1,49.0,54 ,54,,,0
15067582118593510069,1,0,3,5.0,ideal,0,Nederland,1,Brush,1,59.0,54 ,54,,,0
3872326130522189833,1,0,2,5.0,ideal,0,Nederland,1,Brush,1,49.0,54 ,54,,,0
4110210225234306405,1,0,2,5.0,ideal,0,Nederland,1,Brush,1,69.0,54 ,54,,,0
9070675748268220325,1,0,2,10.0,ideal,0,Nederland,1,Brush,1,98.0,54 ,54,,,0
13029425886323816467,1,0,3,5.0,ideal,0,Nederland,1,Brush,1,49.0,54 ,54,,,0
11384085483388807601,1,0,3,10.0,ideal,0,Nederland,1,Brush,1,98.0,54 ,54,,,0
12438799302063557588,1,0,3,5.0,ideal,0,Nederland,1,Brush,1,49.0,54 ,54,,,0
8040066018977288142,1,0,3,5.0,ideal,0,Nederland,1,Brush,1,59.0,198 ,198,,,0
10443434056106297419,1,0,3,10.0,paypal,0,Nederland,1,Brush,1,98.0,54 ,54,,,0
13610349042606973789,1,0,3,5.0,ideal,0,Nederland,1,Brush,1,49.0,54 ,54,,,0
14096833431217098995,1,0,3,5.0,ideal,0,Nederland,1,Brush,1,59.0,54 ,54,,,0
1312519903901346913,1,0,3,5.0,creditcard,0,Nederland,1,Brush,1,59.0,54 ,54,,,0
14062075692560998967,1,0,2,5.0,ideal,0,Nederland,1,Brush,1,49.0,54 ,54,,,0
1506651584300194250,1,0,2,5.0,ideal,0,Nederland,1,Brush,1,49.0,53 ,53,,,0
2155342167026746998,1,0,3,10.0,ideal,0,Nederland,1,Brush,1,98.0,53 ,53,,,0
18349346770532788513,1,0,2,5.0,paypal,0,Nederland,1,Brush,1,49.0,53 ,53,,,0
17561577247977342840,1,0,3,5.0,creditcard,0,Nederland,1,Brush,1,59.0,53 ,53,,,0
2402839078013284266,1,0,3,5.0,ideal,0,Nederland,1,Brush,1,49.0,109 ,109,,,0
17841362688186316626,1,0,2,10.0,paypal,0,Nederland,1,Brush,1,98.0,53 ,53,,,0
13309194299306156988,0,0,3,5.0,ideal,0,Nederland,1,Brush,1,49.0,53 ,11,Ik vind het product niet prettig.,,1
11858890659276128339,1,0,3,10.0,ideal,0,Nederland,1,Brush,1,98.0,53 ,53,,,0
8379042264588664713,1,0,3,5.0,ideal,0,Nederland,1,Brush,1,79.0,53 ,53,,,0
5568676751896722023,1,0,2,5.0,paypal,0,Nederland,1,Brush,1,59.0,53 ,53,,,0
7368437151742494115,1,0,3,10.0,ideal,0,Nederland,1,Brush,1,98.0,53 ,53,,,0
9371251601850619670,1,0,2,5.0,ideal,0,Nederland,1,Brush,1,49.0,53 ,53,,,0
17140572550367222136,1,0,3,10.0,ideal,0,Nederland,1,Brush,1,98.0,53 ,53,,,0
14236258333430735468,1,0,2,5.0,ideal,0,Nederland,2,Heads,1,54.0,53 ,53,,,0
10386900069782016011,1,0,3,5.0,paypal,0,Nederland,1,Brush,1,69.0,53 ,53,,,0
15887352123592804924,1,0,2,10.0,ideal,0,Nederland,1,Brush,1,108.0,52 ,52,,,0
13960280924210967809,1,0,3,5.0,ideal,0,Nederland,1,Brush,1,59.0,52 ,52,,,0
4101637664239133974,1,0,3,5.0,ideal,0,Nederland,1,Brush,1,59.0,52 ,52,,,0
1808823298780244328,1,0,1,5.0,ideal,0,Nederland,1,Brush,1,49.0,52 ,52,,,0
7032844169297977556,1,0,2,5.0,ideal,0,Nederland,2,Heads,1,64.0,52 ,52,,,0
16174665789216178016,1,0,3,5.0,ideal,0,Nederland,1,Brush,1,69.0,194 ,194,,,0
14407671440766930591,1,0,3,5.0,ideal,0,Nederland,1,Brush,1,49.0,52 ,52,,,0
2624556408510906087,1,0,3,10.0,ideal,0,Nederland,1,Brush,1,98.0,52 ,52,,,0
12054421348682337464,1,0,2,5.0,ideal,0,Nederland,1,Brush,1,69.0,52 ,52,,,0
2029580213395326872,1,0,3,10.0,ideal,0,Nederland,5,Heads,3,285.0,52 ,52,,,0
11002898412815716368,0,0,3,5.0,ideal,0,Nederland,2,Brush,2,117.0,52 ,22,,,0
10193405316930545794,1,0,3,10.0,creditcard,0,Nederland,1,Brush,1,98.0,52 ,52,,,0
13391731362315437266,1,0,3,5.0,ideal,0,Nederland,1,Brush,1,69.0,193 ,193,,,0
17981503263208228451,1,0,3,5.0,ideal,0,Nederland,1,Brush,1,69.0,51 ,51,,,0
810202776421691101,1,0,3,10.0,ideal,0,Nederland,1,Brush,1,118.0,51 ,51,,,0
2564339644140808503,1,0,3,10.0,ideal,0,Nederland,1,Brush,1,98.0,51 ,51,,,0
7018199157763595857,1,0,3,10.0,ideal,0,Nederland,1,Brush,1,118.0,51 ,51,,,0
13677431220902472110,1,0,2,5.0,ideal,0,Nederland,1,Brush,1,49.0,51 ,51,,,0
8608198726757000045,0,0,3,5.0,creditcard,0,Nederland,2,Brush,2,137.0,51 ,10,,,0
4906896128881033798,1,0,2,5.0,ideal,0,Nederland,1,Brush,1,49.0,51 ,51,,,0
6103035405958221839,1,0,3,10.0,ideal,0,Nederland,1,Brush,1,98.0,51 ,51,,,0
6922668111384325641,1,0,3,5.0,ideal,0,Nederland,1,Brush,1,49.0,51 ,51,,,0
3998244343639197646,1,0,3,10.0,ideal,0,Nederland,1,Brush,1,98.0,50 ,50,,,0
5963538531242638003,1,0,3,5.0,ideal,0,Nederland,1,Brush,1,59.0,192 ,192,,,0
1519761326792361061,1,0,2,5.0,ideal,0,Nederland,2,Brush,1,118.0,50 ,50,,,0
2056272861992592473,1,0,2,5.0,paypal,0,Nederland,1,Brush,1,49.0,49 ,49,,,0
13056067935717603059,1,0,2,5.0,creditcard,0,Nederland,1,Brush,1,49.0,49 ,49,,,0
2735521004298523837,1,0,2,5.0,creditcard,0,België,1,Brush,1,69.0,49 ,49,,,0
16474070858165680654,1,0,3,5.0,paypal,0,Nederland,1,Brush,1,49.0,49 ,49,,,0
3706474753459817317,0,0,1,5.0,ideal,0,Nederland,2,Brush,2,157.0,49 ,49,,,0
9849980149181245552,0,0,3,5.0,ideal,0,Nederland,2,Brush,2,117.0,49 ,49,,,0
17957041230588250414,1,0,3,5.0,ideal,0,Nederland,1,Brush,1,69.0,191 ,191,,,0
12963632021593421700,1,0,3,10.0,ideal,0,Nederland,1,Brush,1,98.0,48 ,48,,,0
17428483118006244726,1,0,3,10.0,creditcard,0,België,1,Brush,1,98.0,48 ,48,,,0
16461806475252304234,1,0,3,5.0,ideal,0,Nederland,1,Brush,1,49.0,48 ,48,,,0
2165038621549459700,1,0,3,5.0,ideal,0,Nederland,1,Brush,1,49.0,47 ,47,,,0
15990470791971010281,1,0,2,5.0,ideal,0,Nederland,1,Brush,1,69.0,47 ,47,,,0
17723896415217101141,0,0,3,5.0,ideal,0,Nederland,2,Brush,2,117.0,46 ,46,,,0
10793629781774528053,1,0,3,5.0,ideal,0,Nederland,2,Brush,1,138.0,174 ,174,,,1
1255903237647817472,1,0,3,10.0,ideal,0,Nederland,1,Brush,1,98.0,45 ,45,,,0
7723137051505036273,1,0,3,10.0,ideal,0,Nederland,1,Brush,1,94.4,46 ,46,,,0
17572090344167960091,1,0,3,10.0,ideal,0,Nederland,1,Brush,1,98.0,46 ,46,,,0
12202172225512505517,1,0,2,10.0,ideal,0,Nederland,1,Brush,1,98.0,45 ,45,,,0
11965070441590783534,1,0,2,10.0,ideal,0,Nederland,1,Brush,1,98.0,44 ,44,,,0
3406689365709847257,1,0,3,5.0,creditcard,0,Nederland,1,Brush,1,49.0,190 ,190,,,1
14922920980167178260,1,0,2,5.0,ideal,0,Nederland,1,Brush,1,49.0,43 ,43,,,0
5722720880056999046,0,0,3,10.0,ideal,0,Nederland,2,Brush,2,235.0,13 ,42,,,0
8526869565999451628,0,0,3,5.0,ideal,0,Nederland,2,Brush,2,157.0,13 ,39,,,0
5600178104878883347,0,0,3,0.0,ideal,0,Nederland,2,Brush,2,157.0,13 ,38,,,0
718674511004757356,0,0,3,5.0,paypal,0,Nederland,2,Brush,2,137.0,13 ,38,,,0
4434956812438420660,0,0,3,5.0,ideal,0,Nederland,2,Brush,2,137.0,13 ,34,,,0
1557437071949166121,0,0,3,10.0,ideal,0,Nederland,2,Brush,2,235.0,29 ,29,,,0
1939663375685122745,0,0,3,5.0,ideal,0,Nederland,2,Brush,2,157.0,28 ,28,,,0
8621199154746222408,1,0,3,5.0,creditcard,0,Nederland,1,Brush,1,69.0,189 ,189,,,0
14653591990872358247,0,0,3,5.0,paypal,0,België,8,Heads,2,39.0,24 ,24,,,0
9483569822441528996,0,0,3,10.0,ideal,0,Nederland,2,Brush,2,195.0,20 ,20,,,0
16944412626082919276,0,0,3,5.0,creditcard,0,Nederland,2,Brush,2,157.0,18 ,18,,,0
16053356070658335968,0,0,3,10.0,ideal,0,Nederland,2,Brush,2,235.0,17 ,17,,,0
1671029242754895540,1,0,3,5.0,ideal,0,Nederland,2,Brush,2,138.0,105 ,189,,,0
13359710454099028454,0,0,3,5.0,ideal,0,Nederland,4,Cables,2,147.0,17 ,17,,,0
16701699721131986918,0,0,3,10.0,ideal,0,Nederland,1,Brush,1,118.0,10 ,10,,,0
10378623886287810515,1,0,3,5.0,ideal,0,Nederland,1,Brush,1,59.0,188 ,188,,,0
12423601842054485593,0,0,3,10.0,ideal,0,Nederland,1,Brush,1,118.0,5 ,4,,,0
14100862989395940130,0,0,3,5.0,ideal,0,Nederland,1,Brush,1,79.0,4 ,4,,,0
4469372485260068543,1,0,3,5.0,ideal,0,Nederland,1,Brush,1,69.0,186 ,186,,,0
11625605783956937653,0,0,3,5.0,ideal,0,Nederland,1,Brush,1,59.0,1 ,1,,,0
4124585981353720554,0,0,3,5.0,ideal,0,Nederland,1,Brush,1,59.0,1 ,1,,,0
4973217745065955620,0,0,3,10.0,ideal,0,Nederland,1,Brush,1,118.0,1 ,1,,,0
14436873242887766938,1,0,3,5.0,ideal,0,Nederland,1,Brush,1,69.0,180 ,180,,,0
1420701773615419302,1,0,3,5.0,ideal,0,Nederland,1,Brush,1,69.0,180 ,180,,,1
8446839596138836410,1,0,3,10.0,ideal,0,Nederland,1,Brush,1,69.0,178 ,178,,,0
8746450331732581181,1,0,3,5.0,ideal,0,Nederland,1,Brush,1,69.0,172 ,172,,,0
6157670200324297113,1,0,3,5.0,creditcard,0,Nederland,2,Brush,1,138.0,171 ,171,,,0
13515422300854964790,1,0,2,10.0,ideal,0,Nederland,2,Brush,2,148.0,171 ,171,,,0
1337524337029399544,1,0,3,10.0,ideal,0,Nederland,2,Brush,2,138.0,171 ,171,,,0
979133825851806261,1,0,3,5.0,ideal,0,Nederland,1,Brush,1,69.0,170 ,170,,,1
5123133844921125658,1,0,3,5.0,creditcard,0,Nederland,1,Brush,1,49.0,109 ,109,,,1
4670193569245257744,1,0,3,5.0,ideal,0,Nederland,1,Brush,1,69.0,166 ,166,,,0
11882628909530393396,1,0,3,5.0,ideal,0,Nederland,1,Brush,1,59.0,146 ,146,,,0
2394225225664363277,1,1,3,5.0,ideal,0,Nederland,7,Brush,3,143.0,16 ,106,,,0
2150740933492316862,1,0,3,5.0,ideal,0,Nederland,1,Brush,1,69.0,146 ,146,,,0
10365444317712986810,1,0,3,5.0,ideal,0,Nederland,1,Brush,1,69.0,101 ,101,,,0
11704543757708028115,1,0,3,5.0,ideal,0,Nederland,1,Brush,1,69.0,144 ,144,,,0
5847469403957991914,1,0,3,10.0,ideal,0,Nederland,2,Heads,1,74.0,144 ,144,,,0
484575725261711141,1,0,3,5.0,creditcard,0,Nederland,1,Brush,1,69.0,144 ,144,,,0
3428482725025915635,1,0,3,10.0,ideal,0,Nederland,2,Brush,1,103.5,111 ,111,,,0
6829083348344911241,1,0,3,5.0,ideal,0,Nederland,2,Brush,1,103.5,141 ,141,,,0
8536152304108383528,1,0,3,10.0,ideal,0,Nederland,2,Brush,1,103.5,141 ,141,,,1
3489326972985452164,1,0,3,5.0,creditcard,0,Nederland,2,Brush,1,103.5,140 ,140,,,0
12945644556679149605,1,0,3,10.0,creditcard,0,Nederland,2,Brush,1,103.5,139 ,139,,,0
17290484756711714384,1,0,3,5.0,ideal,0,Nederland,1,Brush,1,69.0,138 ,138,,,0
17350008559439635158,1,0,3,5.0,creditcard,0,Nederland,1,Brush,1,69.0,137 ,137,,,0
13986044701924777021,1,0,2,5.0,creditcard,0,Nederland,2,Brush,2,128.0,54 ,135,,,0
5038738213831185669,1,0,3,10.0,creditcard,0,Nederland,2,Brush,1,138.0,132 ,132,,,0
15182362308817791892,1,0,3,5.0,ideal,0,Nederland,1,Brush,1,69.0,131 ,131,,,0
3267332113269868963,1,0,3,5.0,ideal,0,Nederland,1,Brush,1,69.0,130 ,130,,,0
7945247636797509776,1,0,3,5.0,ideal,0,Nederland,1,Brush,1,69.0,130 ,130,,,0
3189227102932006095,1,0,3,5.0,creditcard,0,Nederland,1,Brush,1,69.0,129 ,129,,,0
10289763121460702594,1,0,3,5.0,ideal,0,Nederland,3,Cables,1,79.0,129 ,129,,,0
7946032916545257216,1,0,3,5.0,creditcard,0,Nederland,1,Brush,1,69.0,128 ,128,,,0
10050811704932380274,1,0,3,10.0,ideal,0,Nederland,2,Brush,1,13.8,127 ,127,,,0
5454566837223243518,1,0,3,5.0,ideal,0,Nederland,1,Brush,1,69.0,126 ,126,,,0
9695821258099201519,1,0,3,5.0,ideal,0,Nederland,1,Brush,1,69.0,126 ,126,,,0
15555201983752371835,0,0,3,5.0,ideal,0,Nederland,2,Brush,1,138.0,125 ,125,,,0
14950466938553300992,1,0,3,5.0,ideal,0,Nederland,1,Brush,1,69.0,124 ,124,,,0
8043172912252906472,1,0,3,5.0,ideal,0,Nederland,1,Brush,1,69.0,123 ,123,,,0
10333420208090841124,1,0,3,5.0,ideal,0,Nederland,1,Brush,1,69.0,123 ,123,,,0
10183936907500995023,1,0,3,5.0,creditcard,0,Nederland,1,Brush,1,69.0,123 ,123,,,0
15390288080687265194,1,0,3,5.0,ideal,0,Nederland,1,Brush,1,69.0,123 ,123,,,0
5698661840277868005,1,0,3,5.0,ideal,0,Nederland,2,Brush,1,138.0,123 ,123,,,0
13265720352870174826,1,0,3,5.0,creditcard,0,Nederland,1,Brush,1,69.0,122 ,122,,,0
14694980210207832701,1,0,3,5.0,ideal,0,Nederland,1,Brush,1,69.0,122 ,122,,,0
11789182171068865815,1,0,3,5.0,ideal,0,Nederland,1,Brush,1,69.0,121 ,121,,,0
15444894199192121144,1,0,3,5.0,ideal,0,Nederland,1,Brush,1,69.0,121 ,121,,,0
4458339540397840812,1,0,3,5.0,ideal,0,Nederland,1,Brush,1,69.0,121 ,121,,,0
8251802578618047696,1,0,3,5.0,ideal,0,Nederland,3,Cables,1,79.0,121 ,121,,,0
14356298231128096804,0,0,3,5.0,ideal,0,Nederland,1,Brush,1,69.0,121 ,121,,,1
6108805438428997118,1,0,2,5.0,ideal,0,Nederland,1,Brush,1,49.0,52 ,52,,,0
14438821654651702608,1,0,3,5.0,ideal,0,Nederland,1,Brush,1,69.0,120 ,120,,,0
17874543154511247190,0,0,3,5.0,ideal,0,Nederland,1,Brush,1,69.0,119 ,119,,,1
4653194115486669941,1,0,3,5.0,ideal,0,Nederland,1,Brush,1,69.0,119 ,119,,,0
8183064589481403889,0,0,3,10.0,ideal,0,Nederland,2,Brush,2,128.0,118 ,118,,,0
17267083636055127237,1,0,3,5.0,ideal,0,Nederland,1,Brush,1,69.0,117 ,116,,,0
11860022343434805806,1,0,3,5.0,ideal,0,Nederland,1,Brush,1,69.0,116 ,116,,,1
7478575288433366565,1,0,3,5.0,ideal,0,Nederland,1,Brush,1,69.0,116 ,116,,,0
12327943635405204640,1,0,3,5.0,ideal,0,Nederland,1,Brush,1,69.0,115 ,115,,,0
3202303369591414952,1,0,3,5.0,ideal,0,Nederland,1,Brush,1,69.0,115 ,115,,,0
13714272971490507093,1,0,3,5.0,ideal,0,Nederland,1,Brush,1,69.0,115 ,115,,,0
736561800732140135,1,0,3,5.0,ideal,0,Nederland,1,Brush,1,69.0,115 ,115,,,0
2320120290218914254,1,0,3,5.0,creditcard,0,Nederland,1,Brush,1,69.0,115 ,115,,,0
16164724063276218987,1,0,3,5.0,ideal,0,Nederland,1,Brush,1,69.0,114 ,114,,,0
10480480552032908954,1,0,3,5.0,ideal,0,Nederland,1,Brush,1,69.0,114 ,114,,,1
11793841597851926698,1,0,3,5.0,ideal,0,Nederland,1,Brush,1,69.0,114 ,114,,,0
13206775286081990579,1,0,3,5.0,ideal,0,Nederland,1,Brush,1,69.0,114 ,114,,,0
9956177655514587434,1,0,3,5.0,ideal,0,Nederland,1,Brush,1,69.0,113 ,113,,,0
18179292408800621501,1,0,3,5.0,ideal,0,Nederland,1,Brush,1,69.0,113 ,113,,,0
5448340328929533060,1,0,3,5.0,ideal,0,Nederland,1,Brush,1,69.0,113 ,113,,,0
7804885035639103115,1,0,2,5.0,ideal,0,Nederland,1,Brush,1,59.0,63 ,63,,,0
4626916371515415124,1,0,3,5.0,ideal,0,Nederland,1,Brush,1,69.0,111 ,111,,,0
18297251740468521619,1,0,3,5.0,ideal,0,Nederland,1,Brush,1,69.0,111 ,111,,,0
6402499468457573746,1,0,3,5.0,ideal,0,Nederland,1,Brush,1,49.0,111 ,111,,,0
18097117381689063141,1,0,3,5.0,ideal,0,Nederland,2,Heads,1,74.0,111 ,111,,,0
12571232342281288485,1,0,3,5.0,ideal,0,Nederland,1,Brush,1,49.0,111 ,111,,,0
1822119517118274776,1,0,3,5.0,ideal,0,Nederland,1,Brush,1,69.0,111 ,111,,,0
9568019338076792379,1,0,3,5.0,ideal,0,Nederland,1,Brush,1,49.0,110 ,110,,,0
4680851965513005596,1,0,3,5.0,ideal,0,Nederland,1,Brush,1,49.0,110 ,110,,,0
5205661304928229578,1,0,3,5.0,ideal,0,Nederland,1,Brush,1,49.0,110 ,110,,,0
11752194109826800715,1,0,3,5.0,ideal,0,Nederland,1,Brush,1,49.0,110 ,110,,,0
17462879660157315889,1,0,3,5.0,ideal,0,Nederland,1,Brush,1,49.0,110 ,110,,,0
3271883285946110702,1,0,3,10.0,creditcard,0,Nederland,1,Brush,1,49.0,110 ,110,,,0
6849331633474164688,1,0,3,5.0,ideal,0,Nederland,1,Brush,1,49.0,110 ,110,,,0
15331251057997076453,1,0,3,5.0,creditcard,0,Nederland,1,Brush,1,49.0,110 ,110,,,0
11420288684313233343,1,0,3,5.0,creditcard,0,Nederland,1,Brush,1,49.0,110 ,110,,,0
11500976836682668422,1,0,3,5.0,ideal,0,Nederland,1,Brush,1,49.0,110 ,110,,,0
2706289192044013367,1,0,3,5.0,creditcard,0,Nederland,1,Brush,1,49.0,109 ,109,,,1
6866714121957372707,1,0,3,5.0,creditcard,0,Nederland,2,Heads,1,54.0,109 ,109,,,0
10176581786305241434,1,0,3,5.0,creditcard,0,Nederland,2,Heads,1,54.0,109 ,109,,,0
13568922365667141299,1,0,3,10.0,ideal,0,Nederland,2,Brush,1,118.0,109 ,109,,,0
2187078798911113356,1,0,3,5.0,ideal,0,Nederland,1,Brush,1,49.0,109 ,109,,,0
11864576008850313258,1,0,3,5.0,ideal,0,Nederland,1,Brush,1,49.0,109 ,109,,,0
16624089970812708592,1,0,3,5.0,ideal,0,Nederland,1,Brush,1,49.0,109 ,109,,,0
9448342816935795383,1,0,3,5.0,ideal,0,Nederland,1,Brush,1,49.0,109 ,109,,,0
740273952338699188,1,0,3,5.0,creditcard,0,Nederland,1,Brush,1,49.0,109 ,109,,,0
18051799670645550180,1,0,3,5.0,creditcard,0,Nederland,1,Brush,1,49.0,109 ,109,,,0
11798892116606881866,1,0,3,5.0,ideal,0,Nederland,1,Brush,1,49.0,109 ,109,,,0
16029833778003876580,1,0,3,10.0,ideal,0,Nederland,1,Brush,1,49.0,109 ,109,,,0
6806273595436463792,1,0,3,5.0,ideal,0,Nederland,1,Brush,1,70.0,255 ,255,,,0
12952903101955711600,1,0,3,5.0,ideal,0,Nederland,2,Heads,1,54.0,109 ,109,,,0
7739598165010456028,1,0,3,5.0,ideal,0,Nederland,1,Brush,1,69.0,109 ,109,,,0
2637690661344095286,1,0,3,5.0,ideal,0,Nederland,1,Brush,1,49.0,109 ,109,,,0
10071167402717336184,1,0,3,5.0,creditcard,0,Nederland,1,Brush,1,69.0,109 ,109,,,0
2901874273597116366,1,0,3,5.0,ideal,0,Nederland,1,Brush,1,69.0,109 ,109,,,0
18319881010735930162,1,0,3,5.0,ideal,0,Nederland,1,Brush,1,49.0,109 ,109,,,0
1678807525906440012,1,0,3,5.0,ideal,0,Nederland,1,Brush,1,49.0,109 ,109,,,0
5617204311399453664,1,0,3,5.0,ideal,0,Nederland,1,Brush,1,49.0,109 ,109,,,0
599945929517001281,1,0,3,10.0,ideal,0,Nederland,2,Brush,2,98.0,109 ,109,,,0
15764789373437218951,1,0,3,5.0,ideal,0,Nederland,1,Brush,1,49.0,108 ,108,,,0
13440682525168357654,1,0,3,5.0,ideal,0,Nederland,1,Brush,1,69.0,108 ,108,,,0
16550416984206747178,1,0,3,5.0,ideal,0,Nederland,1,Brush,1,49.0,108 ,108,,,0
15710252740165764143,1,0,3,5.0,ideal,0,Nederland,1,Brush,1,49.0,108 ,108,,,0
7076377928081363511,1,0,3,5.0,ideal,0,Nederland,1,Brush,1,49.0,107 ,107,,,0
5777600539934686021,0,0,3,5.0,ideal,0,Switzerland,2,Cables,1,64.0,108 ,108,,,0
16710472497590397626,1,0,3,10.0,ideal,0,Nederland,2,Brush,1,138.0,108 ,108,,,0
9333760585066895614,1,0,3,5.0,ideal,0,Nederland,2,Heads,1,49.0,91 ,91,,,0
7737580600041838252,1,0,3,5.0,ideal,0,Nederland,1,Brush,1,49.0,108 ,108,,,0
4718385086982688148,1,0,3,5.0,ideal,0,Nederland,1,Brush,1,49.0,108 ,108,,,0
3669027948667611105,1,0,3,5.0,ideal,0,Nederland,2,Cables,1,54.0,108 ,108,,,0
5524808231072364656,1,0,3,5.0,ideal,0,Nederland,1,Brush,1,49.0,108 ,108,,,0
7505236747054342193,1,0,3,5.0,ideal,0,Nederland,1,Brush,1,49.0,108 ,108,,,0
3244489059089608734,1,0,3,5.0,ideal,0,Nederland,1,Brush,1,49.0,108 ,108,,,0
1936113045064918835,1,0,3,10.0,ideal,0,Nederland,3,Heads,2,93.0,108 ,108,,,0
16225810142955693841,1,0,3,5.0,ideal,0,Nederland,1,Brush,1,49.0,108 ,108,,,0
6783543808683618937,0,0,3,5.0,ideal,0,Nederland,1,Brush,1,69.0,220 ,211,,,0
13530919440366925207,1,0,3,5.0,ideal,0,Nederland,1,Brush,1,49.0,108 ,108,,,0
1349399310015117872,1,0,3,5.0,ideal,0,Nederland,1,Brush,1,49.0,108 ,108,,,1
7769300903588724242,1,0,3,5.0,creditcard,0,Nederland,1,Brush,1,49.0,108 ,108,,,0
9891385365006489793,1,0,3,5.0,ideal,0,Germany,1,Brush,1,49.0,106 ,106,,,0
10722338324631240634,1,0,3,10.0,creditcard,0,Nederland,2,Brush,2,98.0,107 ,107,,,0
10376365255548979214,1,0,3,5.0,ideal,0,Nederland,1,Brush,1,49.0,107 ,107,,,0
8690683731629158161,1,0,3,5.0,ideal,0,Nederland,1,Brush,1,49.0,107 ,107,,,0
6714572530271251974,1,0,3,5.0,ideal,0,Nederland,1,Brush,1,49.0,107 ,66,Ik heb nog borstelkopjes,,1
11266564321556403715,1,0,3,5.0,ideal,0,Nederland,1,Brush,1,49.0,107 ,107,,,0
15652364985486028937,1,0,3,5.0,ideal,0,Nederland,1,Brush,1,49.0,107 ,107,,,0
790902110256541642,1,0,3,5.0,ideal,0,Nederland,1,Brush,1,49.0,106 ,106,,,0
16170815562692211356,1,0,3,5.0,ideal,0,Nederland,2,Heads,1,74.0,106 ,106,,,0
9840281040177787855,1,0,3,5.0,ideal,0,Nederland,1,Brush,1,49.0,106 ,106,,,0
14390634449409424779,1,0,3,5.0,creditcard,0,Nederland,1,Brush,1,49.0,106 ,106,,,1
14834539340348521475,1,0,3,5.0,ideal,0,Nederland,1,Brush,1,49.0,106 ,106,,,0
10560109335466986350,1,0,3,5.0,ideal,0,Nederland,2,Brush,2,120.0,244 ,246,,,0
7314440973269122349,1,0,3,5.0,ideal,0,Nederland,1,Brush,1,69.0,106 ,106,,,0
4994094985956365790,1,0,3,5.0,ideal,0,Nederland,1,Brush,1,49.0,106 ,106,,,0
823861523782236875,1,0,3,5.0,ideal,0,Nederland,1,Brush,1,49.0,106 ,106,,,0
14317201545178473702,1,0,3,5.0,ideal,0,Nederland,1,Brush,1,49.0,106 ,1,Ik heb nog borstelkopjes,,1
13292708216477541300,1,0,3,5.0,ideal,0,Nederland,1,Brush,1,49.0,106 ,106,,,0
15736847058994349970,1,0,3,5.0,ideal,0,Nederland,1,Brush,1,49.0,106 ,106,,,0
1939523713664420465,1,0,3,5.0,ideal,0,Nederland,1,Brush,1,49.0,106 ,106,,,0
2429394718689019944,1,0,3,5.0,creditcard,0,Nederland,1,Brush,1,49.0,106 ,106,,,0
4969573221509807966,1,0,3,5.0,ideal,0,Nederland,1,Brush,1,49.0,104 ,104,,,0
3266076699003866850,1,0,3,5.0,ideal,0,Nederland,1,Brush,1,49.0,106 ,106,,,0
5276874719866568422,1,0,3,5.0,creditcard,0,Nederland,2,Brush,2,98.0,106 ,106,,,0
16679490978729837737,1,0,3,5.0,ideal,0,Nederland,1,Brush,1,49.0,104 ,104,,,0
13673759567925948070,1,0,3,5.0,creditcard,0,Nederland,2,Heads,1,59.2,94 ,94,,,0
13864130319185089496,1,0,3,5.0,ideal,0,Nederland,1,Brush,1,49.0,105 ,105,,,0
11397798360519555361,1,0,3,5.0,ideal,0,Nederland,1,Brush,1,49.0,104 ,1,Ik heb nog borstelkopjes,,1
77165076798665093,1,0,3,5.0,ideal,0,Nederland,1,Brush,1,60.0,246 ,246,,,0
17381243233506217654,1,0,3,5.0,ideal,0,Nederland,1,Brush,1,49.0,105 ,105,,,0
1110416674311949209,1,0,3,10.0,ideal,0,Nederland,2,Brush,2,98.0,105 ,24,Ik gebruik de borsel niet meer.,,1
7675223096388236709,1,0,3,5.0,ideal,0,Nederland,1,Brush,1,49.0,105 ,105,,,0
1314503752992007588,1,0,3,5.0,ideal,0,Nederland,1,Brush,1,49.0,105 ,105,,,0
7487091606124636363,1,0,3,5.0,ideal,0,Nederland,2,Brush,1,118.0,105 ,105,,,0
9030326349396307073,1,0,3,5.0,ideal,0,Nederland,1,Brush,1,49.0,104 ,104,,,0
3117802217169438024,1,0,3,5.0,creditcard,0,Nederland,1,Brush,1,49.0,105 ,105,,,0
13883411180810797937,1,1,3,10.0,ideal,0,Nederland,11,Brush,4,364.0,86 ,105,,,0
14714824792989382846,1,0,3,10.0,creditcard,0,Nederland,5,Brush,5,300.0,247 ,246,,,1
8968933529926592449,1,0,3,5.0,ideal,0,Nederland,1,Brush,1,49.0,105 ,105,,,0
1739556638369264318,1,0,3,5.0,ideal,0,Nederland,1,Brush,1,49.0,105 ,105,,,0
18133111029426429887,1,0,3,5.0,creditcard,0,Nederland,2,Heads,1,54.0,105 ,105,,,0
11206151866274523154,1,0,3,5.0,ideal,0,Nederland,1,Brush,1,49.0,105 ,105,,,0
13856883412831371180,1,0,3,5.0,ideal,0,Nederland,1,Brush,1,49.0,105 ,105,,,0
16852391923051695261,1,0,3,5.0,creditcard,0,Nederland,1,Brush,1,49.0,105 ,105,,,0
16538566209486910978,1,0,3,5.0,ideal,0,Nederland,1,Brush,1,49.0,105 ,105,,,0
14746644730170420670,1,0,3,5.0,ideal,0,Nederland,1,Brush,1,49.0,104 ,104,,,0
9959134035389192524,1,1,3,5.0,ideal,0,Nederland,5,Brush,2,69.0,17 ,104,,,0
4989540645374559462,1,0,3,5.0,creditcard,0,Nederland,1,Brush,1,60.0,247 ,246,,,0
17977755611068223666,1,0,3,5.0,ideal,0,Nederland,1,Brush,1,49.0,104 ,104,,,0
17918654077526925896,1,0,3,5.0,ideal,0,Nederland,1,Brush,1,49.0,104 ,104,,,0
1591747817265433396,0,0,3,5.0,ideal,0,Nederland,1,Brush,1,49.0,104 ,104,,,0
1465308765547112315,1,0,3,5.0,ideal,0,Nederland,1,Brush,1,49.0,104 ,104,,,0
14858190843044359638,1,0,3,5.0,ideal,0,Nederland,1,Brush,1,49.0,104 ,104,,,0
6704978837864949832,1,0,3,5.0,ideal,0,Nederland,1,Brush,1,69.0,101 ,101,,,0
18427882829529028966,1,0,3,5.0,ideal,0,Nederland,1,Brush,1,49.0,104 ,104,,,0
11166113645886241936,1,0,3,10.0,creditcard,0,Nederland,2,Brush,1,118.0,104 ,104,,,0
10386428953175814359,1,0,3,10.0,creditcard,0,Nederland,2,Brush,2,98.0,104 ,104,,,0
4236239615766840356,1,0,3,10.0,ideal,0,Nederland,3,Brush,2,228.0,72 ,246,,,0
15889704747544951953,1,0,3,5.0,ideal,0,Nederland,1,Brush,1,69.0,104 ,104,,,0
11171683418564358574,1,0,3,5.0,ideal,0,Nederland,1,Brush,1,49.0,104 ,82,Ik heb nog borstelkopjes,,1
6992837365538806448,1,0,3,5.0,ideal,0,Nederland,1,Brush,1,49.0,104 ,104,,,0
8014214950772365338,1,0,3,5.0,ideal,0,Nederland,1,Brush,1,69.0,104 ,104,,,0
15155929854782876155,1,0,3,5.0,creditcard,0,Nederland,1,Brush,1,49.0,104 ,104,,,0
12382711372997214121,1,0,3,5.0,ideal,0,Nederland,1,Brush,1,49.0,104 ,104,,,0
759565765988748648,1,0,3,5.0,ideal,0,Nederland,1,Brush,1,49.0,104 ,104,,,0
17378988492670330704,1,0,3,5.0,creditcard,0,Nederland,1,Brush,1,49.0,104 ,104,,,0
15198286665098111653,1,0,3,10.0,ideal,0,Nederland,4,Heads,1,128.0,104 ,104,,,0
1957126022671206049,1,0,3,5.0,ideal,0,Nederland,2,Heads,1,65.0,246 ,246,,,0
9722255980477454525,1,0,3,5.0,ideal,0,Nederland,1,Brush,1,49.0,104 ,104,,,0
109394058139215539,1,0,3,5.0,ideal,0,Nederland,1,Brush,1,49.0,104 ,104,,,0
15143633988380900434,1,0,3,5.0,ideal,0,Nederland,1,Brush,1,49.0,104 ,104,,,0
2507807805439863616,1,0,3,5.0,ideal,0,Nederland,2,Brush,2,98.0,103 ,103,,,0
2423431802999697768,1,0,3,5.0,ideal,0,Nederland,2,Cables,1,54.0,103 ,103,,,0
5291323444826870404,1,0,3,5.0,ideal,0,Nederland,1,Brush,1,49.0,101 ,101,,,0
6969933563780070675,1,0,3,5.0,ideal,0,Nederland,1,Brush,1,49.0,103 ,103,,,0
16359162444117615892,1,0,3,5.0,ideal,0,Nederland,3,Cables,1,59.0,103 ,103,,,0
15408419167463547256,1,0,3,10.0,ideal,0,Nederland,3,Heads,2,125.0,193 ,246,,,0
5913110273947478377,1,0,3,5.0,ideal,0,Nederland,1,Brush,1,49.0,103 ,103,,,0
14278518086189485995,1,0,3,5.0,creditcard,0,Nederland,1,Brush,1,69.0,103 ,103,,,1
16816137260132751647,1,0,3,5.0,ideal,0,Nederland,1,Brush,1,49.0,103 ,103,,,0
8410705790359268513,1,0,3,5.0,ideal,0,Nederland,1,Brush,1,49.0,103 ,103,,,0
11469151812629920620,1,0,3,5.0,ideal,0,Nederland,1,Brush,1,49.0,103 ,103,,,0
17450406169824500948,1,0,3,5.0,ideal,0,Nederland,1,Brush,1,49.0,103 ,103,,,0
17428667010756302347,1,0,3,5.0,ideal,0,Nederland,1,Brush,1,49.0,103 ,103,,,0
4171939665516272071,1,0,3,5.0,ideal,0,Nederland,1,Brush,1,49.0,103 ,103,,,0
977316151492375970,1,0,3,5.0,ideal,0,Nederland,1,Brush,1,49.0,103 ,103,,,0
7505499345770421210,1,0,3,5.0,ideal,0,Nederland,1,Brush,1,49.0,103 ,103,,,0
15062267989252493637,1,0,3,5.0,ideal,0,Nederland,1,Brush,1,60.0,247 ,246,,,0
13653896062232465897,1,0,3,5.0,ideal,0,Nederland,1,Brush,1,49.0,103 ,103,,,0
5091000466535807782,1,0,3,5.0,ideal,0,Nederland,1,Brush,1,49.0,103 ,103,,,0
1850395207388002279,1,0,3,5.0,ideal,0,Nederland,1,Brush,1,49.0,103 ,103,,,1
5909619991145380013,1,0,3,5.0,creditcard,0,Nederland,1,Brush,1,69.0,103 ,103,,,0
8611030899048598317,1,0,3,5.0,ideal,0,Nederland,1,Brush,1,49.0,103 ,103,,,0
16295092126612943122,1,0,3,5.0,ideal,0,Nederland,1,Brush,1,69.0,103 ,103,,,0
14881533260938485841,1,0,3,5.0,ideal,0,Nederland,1,Brush,1,49.0,103 ,103,,,0
14071395856905761747,1,0,3,5.0,ideal,0,Nederland,1,Brush,1,49.0,102 ,102,,,0
14329937047341298411,1,0,3,5.0,ideal,0,Nederland,1,Brush,1,60.0,247 ,246,,,0
8756079013415726767,1,0,3,5.0,ideal,0,Nederland,1,Brush,1,49.0,102 ,102,,,0
668458346486004559,1,0,3,5.0,ideal,0,Nederland,1,Brush,1,49.0,102 ,102,,,0
16387181107219551804,1,0,3,5.0,ideal,0,Nederland,1,Brush,1,69.0,102 ,102,,,0
13215139147960531307,1,0,3,5.0,ideal,0,Nederland,1,Brush,1,49.0,102 ,102,,,0
9401012618591247566,1,1,3,5.0,ideal,0,Nederland,6,Heads,2,74.0,17 ,102,,,0
2140125688945876052,1,0,3,5.0,ideal,0,Nederland,1,Brush,1,60.0,247 ,246,,,0
13141938241209651610,1,0,3,5.0,ideal,0,Nederland,1,Brush,1,49.0,102 ,102,,,0
8878788533104486786,1,0,3,5.0,ideal,0,Nederland,1,Brush,1,49.0,102 ,102,,,0
9873056736077132528,1,0,3,5.0,ideal,0,Nederland,1,Brush,1,49.0,102 ,102,,,1
4863172762293695980,1,0,3,5.0,ideal,0,Nederland,1,Brush,1,49.0,102 ,102,,,0
2862739484655928504,1,0,3,10.0,ideal,0,Nederland,2,Brush,1,138.0,102 ,102,,,0
3631494381530878700,1,0,3,5.0,ideal,0,Nederland,1,Brush,1,49.0,102 ,102,,,0
9334734547142713826,1,0,2,5.0,ideal,0,Nederland,2,Brush,2,98.0,56 ,102,,,0
13686876832956630187,1,0,3,5.0,ideal,0,Nederland,1,Brush,1,49.0,102 ,102,,,0
15769819912383571284,1,0,3,5.0,ideal,0,Nederland,1,Brush,1,49.0,102 ,102,,,0
6087754549223413762,1,0,3,5.0,ideal,0,Nederland,1,Brush,1,49.0,102 ,102,,,0
18042981447064544312,1,0,3,5.0,ideal,0,Nederland,2,Brush,2,114.0,213 ,246,,,0
1643243273769071577,1,0,3,5.0,ideal,0,Nederland,1,Brush,1,49.0,102 ,102,,,0
11087025162956700613,1,0,3,5.0,ideal,0,Nederland,1,Brush,1,49.0,102 ,102,,,0
9842136988960904061,1,0,3,5.0,ideal,0,Nederland,1,Brush,1,49.0,101 ,101,,,0
2050381229181620065,1,0,3,5.0,ideal,0,Nederland,1,Brush,1,49.0,102 ,102,,,0
251187392743916603,1,0,3,5.0,ideal,0,Nederland,1,Brush,1,49.0,102 ,102,,,0
1217061518906409103,1,0,3,5.0,ideal,0,Nederland,1,Brush,1,49.0,102 ,102,,,0
4622176259706096935,1,0,3,5.0,ideal,0,Nederland,1,Brush,1,49.0,102 ,102,,,0
17450350423343270860,1,0,3,5.0,ideal,0,Nederland,1,Brush,1,69.0,101 ,101,,,1
7573350368268661209,1,0,3,5.0,ideal,0,Nederland,1,Brush,1,49.0,101 ,101,,,0
10245353051967208894,0,0,3,5.0,ideal,0,Nederland,3,Brush,3,180.0,247 ,246,,,0
4889083356903761030,1,0,3,5.0,ideal,0,Nederland,1,Brush,1,49.0,101 ,101,,,0
1886090645216329915,1,0,3,5.0,ideal,0,Nederland,1,Brush,1,49.0,101 ,76,Ik gebruik de borsel niet meer.,,1
8420210422840887892,1,0,3,5.0,ideal,0,Nederland,1,Brush,1,49.0,101 ,101,,,0
3504053185279015963,1,0,3,10.0,ideal,0,Nederland,2,Brush,1,138.0,101 ,101,,,0
17986969153558054277,1,0,3,5.0,ideal,0,Nederland,1,Brush,1,49.0,101 ,101,,,0
15138934484270425298,1,0,3,5.0,ideal,0,Nederland,1,Brush,1,49.0,101 ,101,,,0
14243813848876069458,1,0,3,10.0,ideal,0,Nederland,2,Brush,1,118.0,101 ,101,,,0
4913794347851036607,1,0,3,5.0,creditcard,0,Nederland,1,Brush,1,49.0,101 ,101,,,0
13110643868338809132,1,0,3,5.0,ideal,0,Nederland,1,Brush,1,49.0,101 ,101,,,0
18073607102117757295,1,0,3,5.0,ideal,0,Nederland,1,Brush,1,49.0,101 ,101,,,0
14771276518670271741,1,0,3,5.0,ideal,0,Nederland,1,Brush,1,49.0,101 ,101,,,0
15314310368332381255,1,0,3,5.0,ideal,0,Nederland,1,Brush,1,49.0,101 ,101,,,1
6435594002457104457,1,0,3,5.0,ideal,0,Nederland,1,Brush,1,49.0,101 ,101,,,0
16383882554811818701,1,0,3,5.0,ideal,0,Nederland,1,Brush,1,49.0,101 ,101,,,0
10109949942808998130,1,0,3,5.0,ideal,0,Nederland,1,Brush,1,49.0,101 ,101,,,0
1041447644565396239,1,0,3,5.0,ideal,0,Nederland,1,Brush,1,49.0,101 ,101,,,0
15015721060373511389,1,0,3,5.0,ideal,0,Nederland,1,Brush,1,70.0,247 ,246,,,0
2181630881034022402,1,0,3,5.0,creditcard,0,Nederland,1,Brush,1,49.0,101 ,101,,,0
1263327000232795359,1,0,3,5.0,ideal,0,Nederland,1,Brush,1,49.0,101 ,101,,,0
3470966152015932625,1,0,3,5.0,ideal,0,Nederland,1,Brush,1,49.0,101 ,101,,,0
11451406136847365481,1,0,3,5.0,ideal,0,Nederland,1,Brush,1,49.0,100 ,100,,,0
16115192944743085442,1,0,3,5.0,ideal,0,Nederland,1,Brush,1,49.0,100 ,100,,,0
9596574181285624559,1,0,3,5.0,ideal,0,Nederland,1,Brush,1,49.0,100 ,100,,,0
14990898677005639404,1,0,3,5.0,ideal,0,Nederland,1,Brush,1,69.0,100 ,100,,,0
6367434064100945982,1,0,3,5.0,ideal,0,Nederland,1,Brush,1,49.0,100 ,100,,,0
3610229798173447380,1,0,3,5.0,creditcard,0,Nederland,1,Brush,1,60.0,247 ,246,,,0
8208671783242738081,1,0,3,5.0,ideal,0,Nederland,1,Brush,1,69.0,100 ,100,,,0
6163701836428954624,1,0,3,5.0,ideal,0,Nederland,1,Brush,1,49.0,100 ,100,,,0
13891139731716716654,1,0,3,5.0,ideal,0,Nederland,1,Brush,1,69.0,100 ,100,,,0
785663288407378138,1,0,3,5.0,ideal,0,Nederland,1,Brush,1,49.0,100 ,100,,,0
15662666287636143350,1,0,3,5.0,ideal,0,Nederland,1,Brush,1,69.0,100 ,100,,,0
6918844632256673091,1,0,3,10.0,creditcard,0,Nederland,2,Brush,1,138.0,100 ,100,,,0
16184076028850438167,1,0,3,5.0,ideal,0,Nederland,1,Brush,1,69.0,100 ,100,,,0
2107820754914662347,1,0,3,5.0,ideal,0,Nederland,1,Brush,1,69.0,100 ,100,,,0
2006242965135505407,1,0,3,5.0,ideal,0,Nederland,1,Brush,1,69.0,100 ,100,,,0
381506895515943199,1,0,3,5.0,ideal,0,Nederland,1,Brush,1,69.0,100 ,100,,,0
15587694107935103106,1,0,3,5.0,ideal,0,Nederland,1,Brush,1,60.0,247 ,246,,,0
14703274333357190789,1,0,3,5.0,ideal,0,Nederland,1,Brush,1,69.0,99 ,99,,,1
10293567129198705477,1,0,3,5.0,ideal,0,Nederland,1,Brush,1,69.0,99 ,99,,,0
6262267481827016271,1,0,3,5.0,ideal,0,Nederland,1,Brush,1,69.0,99 ,99,,,0
3300174262184453883,1,0,3,5.0,ideal,0,Nederland,1,Brush,1,69.0,99 ,99,,,0
1740597225088458822,1,0,3,10.0,ideal,0,Nederland,2,Brush,1,138.0,99 ,99,,,0
18211641257369529676,1,0,3,10.0,ideal,0,Nederland,2,Brush,1,138.0,99 ,99,,,0
9662630759291678911,1,0,3,5.0,ideal,0,Nederland,1,Brush,1,49.0,99 ,99,,,0
17725881965185640407,1,0,3,5.0,ideal,0,Nederland,1,Brush,1,60.0,245 ,245,,,0
8623475949548791338,1,0,3,5.0,ideal,0,Nederland,1,Brush,1,69.0,99 ,99,,,0
14359686360663261161,1,0,3,5.0,ideal,0,Nederland,1,Brush,1,69.0,98 ,98,,,0
9701392669604947151,1,0,3,5.0,ideal,0,Nederland,1,Brush,1,69.0,98 ,98,,,0
12861918128856062674,1,0,3,10.0,ideal,0,Nederland,2,Brush,1,138.0,98 ,98,,,0
7914721366674822221,1,0,3,5.0,ideal,0,Nederland,3,Heads,1,79.0,98 ,98,,,1
8933993422303610253,1,0,3,5.0,creditcard,0,Nederland,1,Brush,1,69.0,97 ,97,,,0
12423318167096741610,1,0,3,5.0,ideal,0,Nederland,1,Brush,1,69.0,96 ,96,,,0
9977727587578245117,1,0,3,5.0,ideal,0,Nederland,1,Brush,1,69.0,96 ,96,,,0
7462618437578621189,1,0,3,5.0,ideal,0,Nederland,2,Brush,1,110.4,96 ,96,,,0
1263462756624200476,1,0,3,5.0,ideal,0,Nederland,1,Brush,1,55.0,245 ,245,,,0
4883743321413300500,1,0,3,10.0,ideal,0,Nederland,2,Brush,1,138.0,96 ,96,,,0
7693902639289843214,1,0,3,5.0,ideal,0,Nederland,1,Brush,1,69.0,96 ,96,,,0
13558970732005376902,1,0,3,5.0,ideal,0,Nederland,1,Brush,1,69.0,96 ,96,,,0
10632396135994068494,1,0,3,5.0,ideal,0,Nederland,1,Brush,1,55.2,96 ,96,,,0
17389000993726955051,1,0,3,5.0,ideal,0,Nederland,1,Brush,1,69.0,95 ,95,,,0
16833428869949240392,1,0,3,10.0,ideal,0,Nederland,2,Brush,1,138.0,95 ,95,,,0
3160970804707638701,1,0,3,5.0,ideal,0,Nederland,2,Brush,1,138.0,95 ,95,,,0
5825514371688220310,1,0,3,5.0,ideal,0,Nederland,1,Brush,1,69.0,95 ,95,,,0
7338694588433881765,1,0,3,5.0,ideal,0,Nederland,1,Brush,1,69.0,95 ,95,,,1
17816396466836392200,1,0,3,5.0,creditcard,0,Nederland,1,Brush,1,69.0,94 ,94,,,0
16312854855693278924,1,0,3,5.0,creditcard,0,Nederland,1,Brush,1,69.0,94 ,94,,,0
16158221039399794917,1,0,3,5.0,ideal,0,Nederland,1,Brush,1,69.0,94 ,94,,,0
10400823824629920026,1,0,3,5.0,ideal,0,Nederland,1,Brush,1,69.0,94 ,94,,,0
17586745171748484229,1,0,3,10.0,ideal,0,Nederland,2,Brush,1,138.0,94 ,94,,,0
14707574370069560099,1,0,3,5.0,creditcard,0,Nederland,1,Brush,1,60.0,245 ,245,,,0
6130842050957964526,1,0,3,5.0,ideal,0,Nederland,1,Brush,1,69.0,94 ,94,,,0
16669245960462825783,1,0,3,5.0,ideal,0,Nederland,1,Brush,1,69.0,94 ,94,,,0
9407928376795865201,1,0,3,5.0,creditcard,0,Nederland,1,Brush,1,69.0,94 ,94,,,0
765581149819036914,1,0,3,5.0,ideal,0,Nederland,1,Brush,1,69.0,93 ,93,,,0
8811768042340730615,1,0,3,5.0,creditcard,0,Nederland,1,Brush,1,60.0,245 ,245,,,0
1312099876850513290,1,0,3,5.0,ideal,0,Nederland,1,Brush,1,69.0,93 ,93,,,0
11327670974154336772,1,0,3,5.0,ideal,0,Nederland,1,Brush,1,69.0,93 ,93,,,0
5207235439439741598,1,0,3,5.0,ideal,0,Nederland,1,Brush,1,55.2,92 ,92,,,0
17973863997046478931,1,0,3,5.0,ideal,0,Nederland,1,Brush,1,69.0,93 ,93,,,0
13360753611518573103,1,0,3,5.0,ideal,0,Nederland,1,Brush,1,69.0,93 ,93,,,1
4922063503900436026,1,0,3,5.0,ideal,0,Nederland,1,Brush,1,69.0,93 ,93,,,0
14077332110569009497,0,0,3,5.0,,0,Nederland,1,Brush,1,69.0,7 ,7,,,0
4982692967561793775,1,0,3,5.0,ideal,0,Nederland,1,Brush,1,69.0,92 ,92,,,0
10539369398139480277,1,0,3,5.0,ideal,0,Nederland,1,Brush,1,55.2,92 ,92,,,0
2413157648923325116,1,0,3,5.0,ideal,0,Nederland,1,Brush,1,69.0,92 ,92,,,0
555658083836444544,1,0,3,5.0,ideal,0,Nederland,1,Brush,1,69.0,92 ,92,,,0
2897565363914212319,1,0,3,5.0,ideal,0,Nederland,1,Brush,1,69.0,92 ,92,,,0
10057687560773218213,1,0,3,5.0,ideal,0,Nederland,1,Brush,1,69.0,92 ,92,,,0
11964320983612743211,1,0,3,5.0,ideal,0,Nederland,1,Brush,1,69.0,92 ,92,,,0
14371226037478407997,1,0,3,5.0,ideal,0,Nederland,1,Brush,1,69.0,92 ,92,,,0
5186580248832880518,1,0,3,5.0,ideal,0,Nederland,2,Heads,1,74.0,92 ,92,,,0
10258989081766170949,1,0,3,5.0,ideal,0,Nederland,1,Brush,1,69.0,92 ,92,,,0
12514889758654317546,1,0,3,5.0,ideal,0,Nederland,1,Brush,1,55.2,92 ,92,,,0
10349788685012391754,1,0,3,5.0,ideal,0,Nederland,1,Brush,1,55.2,91 ,91,,,0
1683007205085390403,1,0,3,5.0,ideal,0,Nederland,1,Brush,1,69.0,91 ,91,,,0
8320935387733222513,1,0,3,5.0,creditcard,0,Nederland,1,Brush,1,69.0,91 ,91,,,0
1533462552931665800,1,0,3,10.0,ideal,0,Nederland,2,Heads,1,74.0,91 ,91,,,0
9718865874729789791,1,0,3,5.0,ideal,0,Nederland,1,Brush,1,55.2,91 ,91,,,0
7829770019473997572,1,0,3,5.0,creditcard,0,Nederland,1,Brush,1,69.0,91 ,91,,,0
18420158290492638746,1,0,3,5.0,ideal,0,Nederland,2,Brush,2,148.0,91 ,91,,,0
8021592095679039585,1,0,3,5.0,ideal,0,Nederland,1,Brush,1,55.2,91 ,91,,,0
5334481795608635636,1,0,3,5.0,ideal,0,Nederland,1,Brush,1,55.2,91 ,91,,,0
2247140435030600081,1,0,3,5.0,ideal,0,Nederland,1,Brush,1,69.0,91 ,91,,,0
11524711761978768404,1,0,3,10.0,creditcard,0,Nederland,2,Brush,1,138.0,90 ,90,,,0
11402318071659629275,1,0,3,5.0,ideal,0,Nederland,1,Brush,1,69.0,90 ,90,,,1
8678165100123071716,1,0,3,5.0,ideal,0,Nederland,1,Brush,1,70.0,244 ,244,,,0
11513374808797908060,1,0,3,5.0,ideal,0,Nederland,1,Brush,1,69.0,90 ,90,,,0
12411994165844782917,1,0,2,10.0,creditcard,0,Nederland,2,Brush,2,118.0,90 ,90,,,1
938543870581326283,1,0,3,5.0,ideal,0,Nederland,1,Brush,1,69.0,90 ,90,,,0
11912096490104462158,1,0,3,5.0,ideal,0,Nederland,1,Brush,1,55.2,89 ,89,,,0
3229484175493512242,1,0,3,5.0,ideal,0,Nederland,1,Brush,1,69.0,89 ,89,,,0
13247652167548972796,0,0,3,5.0,ideal,0,Nederland,2,Brush,2,128.0,89 ,85,,,0
7872923490855149220,1,0,3,5.0,ideal,0,Nederland,1,Brush,1,54.0,218 ,218,,,0
8451027627065343657,1,0,2,5.0,ideal,0,Nederland,1,Brush,1,69.0,89 ,89,,,0
4162664826494130732,1,0,3,5.0,ideal,0,Nederland,1,Brush,1,49.0,89 ,89,,,0
100565222981809094,1,0,3,5.0,creditcard,0,Nederland,1,Brush,1,69.0,89 ,89,,,0
14002203867047980830,1,0,3,5.0,ideal,0,Nederland,1,Brush,1,69.0,89 ,89,,,0
5488191045816312468,1,0,3,5.0,ideal,0,Nederland,1,Brush,1,69.0,89 ,89,,,0
16358975016241039534,1,0,3,5.0,ideal,0,Nederland,1,Brush,1,49.0,88 ,88,,,0
3455961240468860199,1,0,3,5.0,ideal,0,Nederland,1,Brush,1,49.0,88 ,88,,,0
1972468606601181182,1,0,3,5.0,ideal,0,Nederland,2,Brush,2,98.0,88 ,88,,,0
17814455908980041009,1,0,3,10.0,ideal,0,Nederland,2,Brush,2,114.0,244 ,244,,,0
8568985422953598486,1,0,3,10.0,ideal,0,Nederland,2,Brush,1,118.0,88 ,88,,,0
9621754727003727023,1,0,3,5.0,ideal,0,Nederland,1,Brush,1,49.0,88 ,88,,,0
13831120777254021752,1,0,3,5.0,ideal,0,Nederland,2,Heads,1,54.0,88 ,88,,,0
2757114658956612636,1,0,3,5.0,ideal,0,Nederland,1,Brush,1,49.0,88 ,88,,,0
11800192886857718834,1,0,3,5.0,ideal,0,Nederland,1,Brush,1,49.0,88 ,88,,,0
3944432250321398560,1,0,3,5.0,ideal,0,Nederland,1,Brush,1,69.0,88 ,88,,,0
16518496546752344939,1,0,3,5.0,ideal,0,Nederland,1,Brush,1,49.0,88 ,88,,,0
7476326949964819728,1,0,3,5.0,ideal,0,Nederland,1,Brush,1,49.0,88 ,88,,,0
794481920536599282,1,0,3,5.0,ideal,0,Nederland,1,Brush,1,49.0,88 ,88,,,0
10356329088418482461,1,0,3,5.0,ideal,0,Nederland,1,Brush,1,70.0,244 ,244,,,0
3678262253725417930,1,0,3,5.0,ideal,0,Nederland,1,Brush,1,49.0,87 ,88,,,0
976794934332367623,1,0,3,5.0,ideal,0,Nederland,1,Brush,1,49.0,88 ,88,,,0
9354461320934686516,1,0,3,5.0,ideal,0,Nederland,1,Brush,1,49.0,88 ,88,,,0
18370670166304204291,1,0,3,5.0,ideal,0,Nederland,1,Brush,1,49.0,88 ,88,,,0
6332216212959803928,1,0,3,5.0,ideal,0,Nederland,1,Brush,1,49.0,88 ,88,,,0
3735669773510145943,1,0,3,5.0,ideal,0,Nederland,1,Brush,1,49.0,87 ,87,,,0
5299210746762465408,1,0,3,5.0,ideal,0,Nederland,1,Brush,1,69.0,87 ,87,,,0
3999428408655936316,1,0,3,5.0,ideal,0,Nederland,3,Heads,1,70.0,244 ,244,,,0
417613933281280915,1,0,3,5.0,ideal,0,Nederland,1,Brush,1,49.0,87 ,87,,,0
10567727282115882803,1,0,3,5.0,ideal,0,Nederland,1,Brush,1,49.0,87 ,87,,,0
10611786151970600251,1,0,3,5.0,ideal,0,Nederland,1,Brush,1,49.0,87 ,87,,,0
11588900326858356843,1,0,3,5.0,ideal,0,Nederland,1,Brush,1,49.0,87 ,87,,,0
13506940505097428872,1,0,3,5.0,ideal,0,Nederland,1,Brush,1,69.0,87 ,87,,,0
15852160109561824492,1,0,3,5.0,ideal,0,Nederland,1,Brush,1,70.0,243 ,243,,,0
4792918438295220036,1,0,3,5.0,ideal,0,Nederland,1,Brush,1,49.0,86 ,86,,,0
14752185083276289614,1,0,3,5.0,ideal,0,Nederland,1,Brush,1,49.0,86 ,86,,,0
6937786962508670830,1,0,3,10.0,ideal,0,Nederland,2,Brush,2,98.0,86 ,86,,,0
2080880728242402119,1,0,3,5.0,ideal,0,Nederland,1,Brush,1,49.0,86 ,86,,,0
5099761056645931929,1,0,3,5.0,ideal,0,Nederland,1,Brush,1,49.0,86 ,86,,,0
9842088962976876206,1,0,3,5.0,ideal,0,Nederland,1,Brush,1,49.0,86 ,86,,,0
14521944007707823914,1,0,3,5.0,ideal,0,Nederland,1,Brush,1,49.0,86 ,86,,,0
17574097606646556720,1,0,3,5.0,ideal,0,Nederland,1,Brush,1,49.0,86 ,86,,,0
12205200150665241959,1,0,3,5.0,ideal,0,Nederland,1,Brush,1,49.0,86 ,86,,,0
437849948654448585,1,0,3,5.0,ideal,0,Nederland,1,Brush,1,49.0,86 ,86,,,0
5330256438400674428,1,0,3,5.0,ideal,0,Nederland,1,Brush,1,49.0,86 ,86,,,0
15517142703410949244,1,0,3,5.0,ideal,0,Nederland,1,Brush,1,49.0,86 ,86,,,0
11000934740923490603,1,0,3,10.0,ideal,0,Nederland,2,Brush,1,118.0,85 ,85,,,0
17967501393012131246,1,0,3,5.0,ideal,0,Nederland,1,Brush,1,49.0,85 ,85,,,0
13430422317438323376,1,0,3,5.0,ideal,0,Nederland,1,Brush,1,60.0,243 ,243,,,0
7815661559519192389,1,0,3,5.0,creditcard,0,Nederland,2,Heads,1,54.0,85 ,85,,,0
13570441744061258300,1,0,3,5.0,ideal,0,Nederland,1,Brush,1,49.0,85 ,85,,,0
18267763431637709012,1,0,3,5.0,ideal,0,Nederland,1,Brush,1,49.0,85 ,85,,,0
10647122677976903493,1,0,3,5.0,ideal,0,Nederland,1,Brush,1,60.0,242 ,242,,,0
10047760154689235588,1,0,3,5.0,ideal,0,Nederland,1,Brush,1,49.0,84 ,84,,,0
13569200565386985429,1,0,3,5.0,ideal,0,Nederland,1,Brush,1,49.0,84 ,84,,,0
7704037922624821185,1,0,3,10.0,ideal,0,Nederland,2,Brush,1,138.0,84 ,84,,,0
9731575115493786738,1,0,3,5.0,ideal,0,Nederland,1,Brush,1,49.0,80 ,12,Ik heb nog borstelkopjes,,1
6310721283950531059,1,0,3,5.0,ideal,0,Nederland,1,Brush,1,49.0,84 ,84,,,0
5071231341451100362,1,0,3,5.0,ideal,0,Nederland,1,Brush,1,49.0,84 ,84,,,0
5336968298440750040,1,0,3,5.0,creditcard,0,Nederland,1,Brush,1,49.0,84 ,84,,,0
4599637637290050254,1,0,3,5.0,ideal,0,Nederland,1,Brush,1,49.0,84 ,84,,,0
15468799418821235557,1,0,3,10.0,creditcard,0,Nederland,2,Brush,2,120.0,241 ,241,,,0
10783764347714385217,1,0,3,5.0,ideal,0,Nederland,1,Brush,1,49.0,84 ,84,,,0
4250294751902877178,1,0,3,5.0,ideal,0,Nederland,1,Brush,1,49.0,83 ,83,,,0
9021441331529460101,1,0,3,5.0,creditcard,0,Nederland,1,Brush,1,49.0,83 ,83,,,0
17940266612600785152,1,0,3,5.0,creditcard,0,Nederland,1,Brush,1,49.0,83 ,83,,,0
14499381926895471656,1,0,3,5.0,creditcard,0,Nederland,1,Brush,1,49.0,83 ,83,,,0
14957378096207489833,1,0,2,5.0,ideal,0,Nederland,1,Brush,1,49.0,68 ,68,,,1
18098418313729912852,1,0,3,5.0,ideal,0,Nederland,1,Brush,1,60.0,241 ,241,,,0
10348767643492775636,1,0,3,5.0,creditcard,0,Nederland,1,Brush,1,69.0,83 ,83,,,0
495922297651315685,1,0,3,5.0,ideal,0,Nederland,1,Brush,1,49.0,83 ,83,,,0
8468563091008937397,1,0,3,5.0,ideal,0,Nederland,1,Brush,1,49.0,83 ,83,,,0
3010822199998515849,1,0,2,10.0,ideal,0,Nederland,2,Brush,2,138.0,83 ,83,,,0
5662691426937047854,1,0,3,5.0,ideal,0,Nederland,1,Brush,1,49.0,83 ,83,,,0
8649217932112573666,1,0,3,5.0,ideal,0,Nederland,1,Brush,1,49.0,83 ,83,,,0
9030545815324487417,1,0,3,5.0,ideal,0,Nederland,1,Brush,1,49.0,83 ,83,,,0
6030998194691381395,1,0,3,5.0,ideal,0,Nederland,1,Brush,1,49.0,83 ,83,,,0
1949136994040948911,1,0,3,5.0,ideal,0,Nederland,1,Brush,1,60.0,240 ,240,,,0
7044935769512797193,1,0,3,5.0,creditcard,0,Nederland,1,Brush,1,49.0,82 ,82,,,0
8023359229573595292,1,0,3,5.0,ideal,0,Nederland,1,Brush,1,69.0,82 ,82,,,0
9464891367675282122,1,0,3,5.0,ideal,0,Nederland,1,Brush,1,69.0,82 ,82,,,0
13887031879198790180,1,0,3,5.0,ideal,0,Nederland,1,Brush,1,49.0,82 ,82,,,0
10977717002857170692,1,0,3,5.0,ideal,0,Nederland,1,Brush,1,49.0,82 ,82,,,0
8445717496758771718,1,0,3,5.0,ideal,0,Nederland,2,Brush,2,98.0,82 ,82,,,0
5637683407848066919,1,0,3,10.0,ideal,0,Nederland,2,Brush,2,138.0,82 ,82,,,0
8638563140432048104,1,0,3,10.0,ideal,0,Nederland,2,Brush,1,138.0,82 ,82,,,0
5688375981358791014,1,0,3,5.0,creditcard,0,Nederland,1,Brush,1,49.0,82 ,82,,,0
5233364674452849879,1,0,3,5.0,creditcard,0,Nederland,1,Brush,1,60.0,240 ,240,,,1
11526160675351791484,1,0,3,5.0,ideal,0,Nederland,2,Brush,1,118.0,82 ,82,,,0
2534925674939260724,1,0,3,5.0,ideal,0,Nederland,1,Brush,1,49.0,82 ,82,,,0
15987462117491307014,1,0,3,5.0,ideal,0,Nederland,1,Brush,1,59.0,82 ,82,,,0
748541828170340259,1,0,3,5.0,ideal,0,Nederland,1,Brush,1,49.0,82 ,82,,,0
14183112980644514308,1,0,3,5.0,ideal,0,Nederland,1,Brush,1,49.0,82 ,82,,,0
1686442644506652149,0,0,3,5.0,ideal,0,Nederland,1,Brush,1,49.0,82 ,82,,,0
12708653091631031097,1,0,3,5.0,ideal,0,Nederland,1,Brush,1,49.0,82 ,82,,,0
11014389764316250984,1,0,3,5.0,ideal,0,Nederland,1,Brush,1,49.0,82 ,82,,,0
11093257690728262879,1,0,3,5.0,ideal,0,Nederland,1,Brush,1,60.0,240 ,172,Ik heb nog borstelkopjes,,1
7092127649687130085,1,0,3,5.0,ideal,0,Nederland,1,Brush,1,49.0,82 ,82,,,0
3822061929353469714,1,0,3,5.0,ideal,0,Nederland,1,Brush,1,49.0,82 ,82,,,0
12373867897337065594,1,0,3,5.0,ideal,0,Nederland,2,Heads,1,54.0,81 ,81,,,0
1778862892176334969,1,0,3,5.0,creditcard,0,Nederland,1,Brush,1,49.0,81 ,81,,,0
10467567022496882363,1,0,3,5.0,ideal,0,Nederland,1,Brush,1,49.0,81 ,81,,,0
2515804637209890077,1,0,3,5.0,ideal,0,Nederland,1,Brush,1,49.0,81 ,81,,,0
4662880754691437538,1,0,3,5.0,ideal,0,Nederland,1,Brush,1,49.0,81 ,81,,,0
17873434718739686801,1,0,3,5.0,ideal,0,Nederland,1,Brush,1,49.0,81 ,31,Ik gebruik de borsel niet meer.,,0
921778977421443652,1,0,3,5.0,ideal,0,Nederland,1,Brush,1,49.0,81 ,81,,,0
16814103877332713816,1,0,3,5.0,ideal,0,Nederland,1,Brush,1,49.0,81 ,81,,,0
206969105634143352,1,0,3,5.0,creditcard,0,Nederland,1,Brush,1,60.0,234 ,234,,,0
5659650485678012239,1,0,3,5.0,ideal,0,Nederland,1,Brush,1,49.0,81 ,81,,,0
9539783272691112154,1,0,3,5.0,ideal,0,Nederland,1,Brush,1,49.0,81 ,81,,,0
10449217344242762426,1,0,3,5.0,ideal,0,Nederland,1,Brush,1,49.0,81 ,81,,,0
14542616280022177775,1,0,3,5.0,ideal,0,Nederland,1,Brush,1,49.0,81 ,81,,,0
16425070438840030631,1,0,3,5.0,ideal,0,Nederland,2,Brush,2,98.0,81 ,81,,,0
15129086703992648431,1,0,3,5.0,ideal,0,Nederland,1,Brush,1,49.0,81 ,81,,,0
2680692146455607222,1,0,3,5.0,ideal,0,Nederland,1,Brush,1,49.0,81 ,81,,,0
1892075764146904939,1,0,3,5.0,ideal,0,Nederland,1,Brush,1,49.0,81 ,81,,,0
14905761166159027401,1,0,3,5.0,ideal,0,Nederland,1,Brush,1,49.0,81 ,81,,,0
557905884824500844,1,0,3,5.0,ideal,0,Nederland,1,Brush,1,60.0,240 ,240,,,0
18101775651857120249,1,0,3,5.0,ideal,0,Nederland,1,Brush,1,49.0,81 ,81,,,0
18407308081436204384,1,0,3,5.0,ideal,0,Nederland,1,Brush,1,49.0,80 ,80,,,0
9887854644629961333,1,0,3,5.0,ideal,0,Nederland,1,Brush,1,49.0,80 ,80,,,0
7013451434426524440,1,0,3,5.0,ideal,0,Nederland,1,Brush,1,49.0,80 ,80,,,0
8369325400823020530,1,0,2,5.0,ideal,0,Nederland,1,Brush,1,49.0,80 ,80,,,0
16023073822122975997,1,0,3,5.0,ideal,0,Nederland,1,Brush,1,59.0,80 ,80,,,0
9816610467756559900,1,0,2,10.0,creditcard,0,Germany,3,Brush,3,217.0,56 ,80,,,0
1268177131486890217,1,0,3,5.0,creditcard,0,Nederland,1,Brush,1,49.0,80 ,26,I still have brush heads left.,,0
8637097743704404271,1,0,3,5.0,ideal,0,Nederland,1,Brush,1,49.0,79 ,79,,,1
12521437074689389969,1,0,3,5.0,ideal,0,Nederland,1,Brush,1,55.0,237 ,237,,,0
14939320560951242277,1,0,2,5.0,ideal,0,Nederland,1,Brush,1,49.0,80 ,41,Ik heb nog borstelkopjes,,1
13152469766551387249,1,0,3,5.0,ideal,0,Nederland,1,Brush,1,69.0,80 ,80,,,0
14682873762322090155,1,0,3,5.0,ideal,0,Nederland,1,Brush,1,49.0,80 ,80,,,0
530256697016641260,1,0,2,5.0,ideal,0,Nederland,1,Brush,1,49.0,80 ,80,,,0
11412688241948073134,1,0,2,5.0,ideal,0,Nederland,1,Brush,1,49.0,79 ,79,,,0
4182670637803953031,1,0,3,5.0,ideal,0,Nederland,1,Brush,1,55.0,238 ,238,,,0
13764741732317046379,1,0,3,5.0,ideal,0,Nederland,1,Brush,1,49.0,79 ,79,,,0
14801083974593719768,1,0,3,5.0,ideal,0,Nederland,1,Brush,1,69.0,79 ,79,,,0
10235663108748333631,1,0,2,5.0,ideal,0,Nederland,1,Brush,1,49.0,79 ,79,,,0
10880905057832556429,1,0,3,5.0,ideal,0,Nederland,1,Brush,1,69.0,79 ,79,,,0
3218578527581496435,1,0,3,5.0,creditcard,0,Nederland,2,Brush,2,98.0,78 ,78,,,0
11870532604834391912,1,0,3,5.0,ideal,0,Nederland,3,Brush,3,295.0,25 ,238,,,0
15996661774276561558,1,0,3,10.0,ideal,0,Nederland,2,Heads,1,74.0,79 ,79,,,0
10144455069040751325,1,0,2,5.0,creditcard,0,Nederland,1,Brush,1,69.0,78 ,78,,,0
4332666619589163953,1,0,3,5.0,ideal,0,Nederland,1,Brush,1,69.0,78 ,78,,,0
9031955324382794697,1,0,3,5.0,ideal,0,Nederland,1,Brush,1,49.0,78 ,78,,,0
16389426922706213660,1,0,2,5.0,ideal,0,Nederland,1,Brush,1,49.0,78 ,78,,,0
15876602238913107680,1,0,3,5.0,ideal,0,Nederland,1,Brush,1,69.0,78 ,78,,,0
16139432352333540583,1,0,1,5.0,ideal,0,Nederland,1,Brush,1,69.0,78 ,78,,,0
6770244114490834936,1,0,3,5.0,ideal,0,Nederland,2,Cables,1,54.0,78 ,78,,,0
8971831297080849449,1,0,2,5.0,ideal,0,Nederland,2,Brush,2,98.0,55 ,78,,,0
12265743529956260293,1,0,3,5.0,ideal,0,Nederland,1,Brush,1,49.0,78 ,78,,,0
3808612284218597267,1,0,3,5.0,ideal,0,Nederland,1,Brush,1,60.0,236 ,236,,,0
168544623827897803,1,0,2,5.0,ideal,0,Nederland,1,Brush,1,49.0,78 ,78,,,0
8619656607372636609,1,0,1,5.0,ideal,0,Nederland,1,Brush,1,49.0,78 ,32,Ik heb nog borstelkopjes,,1
15540584007317966904,1,0,3,5.0,ideal,0,Nederland,1,Brush,1,49.0,78 ,78,,,0
16209218532238043049,1,0,3,5.0,ideal,0,Nederland,1,Brush,1,49.0,78 ,78,,,0
7356567963226688235,1,0,2,5.0,ideal,0,Nederland,1,Brush,1,49.0,78 ,78,,,0
7686119029413525162,1,0,2,5.0,ideal,0,Nederland,2,Heads,1,54.0,78 ,78,,,0
15588614788015998384,1,0,2,5.0,ideal,0,Nederland,1,Brush,1,49.0,78 ,78,,,0
8424002670103268616,1,0,2,5.0,ideal,0,Nederland,1,Brush,1,49.0,78 ,78,,,0
12715240063342444374,1,0,2,5.0,ideal,0,Nederland,1,Brush,1,49.0,78 ,78,,,0
9443953198690374447,1,0,2,5.0,ideal,0,Nederland,1,Brush,1,69.0,78 ,78,,,0
14136974800329558489,1,0,3,5.0,ideal,0,Nederland,1,Brush,1,55.0,233 ,233,,,0
11719389539775751119,1,0,3,5.0,ideal,0,Nederland,1,Brush,1,49.0,78 ,78,,,0
14115593382806106064,1,0,3,5.0,ideal,0,Nederland,1,Brush,1,49.0,78 ,78,,,0
12410575922566828083,1,0,3,10.0,ideal,0,Nederland,2,Brush,1,118.0,78 ,78,,,0
12832148124894229179,1,0,3,5.0,ideal,0,Nederland,1,Brush,1,49.0,77 ,77,,,0
78640705127925322,1,0,3,5.0,paypal,0,Nederland,1,Brush,1,69.0,77 ,77,,,0
8785009962303155390,1,0,3,5.0,ideal,0,Nederland,1,Brush,1,49.0,77 ,77,,,0
13829763030423195703,1,0,2,5.0,ideal,0,Nederland,1,Brush,1,49.0,77 ,77,,,0
9152219171184865885,1,0,2,5.0,ideal,0,Nederland,1,Brush,1,49.0,77 ,77,,,0
6141239781521511845,1,0,3,5.0,ideal,0,Nederland,1,Brush,1,60.0,232 ,232,,,0
9002881441196956467,1,0,1,5.0,ideal,0,Nederland,1,Brush,1,49.0,77 ,77,,,0
2723295589121641308,1,0,3,5.0,ideal,0,Nederland,1,Brush,1,49.0,77 ,77,,,0
1779536364770803996,1,0,3,5.0,ideal,0,Nederland,1,Brush,1,49.0,56 ,56,,,0
16278191481076353693,1,0,3,10.0,ideal,0,Nederland,3,Heads,2,103.0,56 ,77,,,0
8791247573409229790,1,0,3,5.0,ideal,0,Nederland,1,Brush,1,49.0,77 ,77,,,0
2906413581282905361,1,0,3,5.0,ideal,0,Nederland,1,Brush,1,49.0,77 ,77,,,0
18376938161660149939,1,0,3,10.0,paypal,0,Nederland,2,Brush,1,138.0,77 ,77,,,0
12158826644895990813,1,1,2,10.0,ideal,0,Nederland,6,Brush,4,251.0,0 ,77,,,0
9241859351133970354,1,0,2,5.0,ideal,0,Nederland,2,Heads,1,74.0,77 ,77,,,0
6719897400227932307,1,1,3,10.0,ideal,0,Nederland,7,Brush,4,276.0,1 ,77,,,0
3210956307751536961,1,0,2,10.0,ideal,0,Nederland,2,Brush,1,118.0,77 ,77,,,0
11508364014279763800,1,0,3,5.0,ideal,0,Nederland,1,Brush,1,49.0,77 ,77,,,0
5484096121947377567,1,0,2,5.0,ideal,0,Nederland,1,Brush,1,69.0,77 ,77,,,0
5303401224495527567,1,0,2,5.0,paypal,0,Nederland,1,Brush,1,69.0,77 ,77,,,0
13527062991160909940,1,0,2,5.0,ideal,0,Nederland,1,Brush,1,49.0,76 ,76,,,0
4064361528081296032,1,0,3,5.0,ideal,0,Nederland,1,Brush,1,59.0,59 ,59,,,0
18308160567335506230,1,0,2,5.0,ideal,0,Nederland,1,Brush,1,49.0,76 ,76,,,0
13347940628899239527,1,0,3,5.0,ideal,0,Nederland,3,Heads,1,79.0,76 ,76,,,0
15638461826722808853,1,0,1,5.0,ideal,0,Nederland,1,Brush,1,69.0,76 ,12,Other,ik bestel ze zelf,1
6764347176431697754,1,0,3,5.0,creditcard,0,Nederland,1,Brush,1,49.0,76 ,76,,,0
774629713250667000,1,0,2,5.0,ideal,0,Nederland,1,Brush,1,49.0,76 ,76,,,0
2083930840609958914,1,0,3,5.0,ideal,0,Nederland,1,Brush,1,49.0,76 ,76,,,0
1381570858736971518,1,0,3,5.0,ideal,0,Nederland,1,Brush,1,49.0,76 ,76,,,0
11485653625740925460,1,0,2,5.0,paypal,0,Nederland,1,Brush,1,49.0,76 ,76,,,0
12841795809892393423,1,0,3,5.0,ideal,0,Nederland,1,Brush,1,69.0,75 ,75,,,0
6190415694112623005,1,0,3,10.0,creditcard,0,Nederland,2,Heads,1,74.0,75 ,75,,,0
10246856858225731886,1,0,3,10.0,creditcard,0,België,2,Brush,2,123.95,225 ,225,,,0
2318394229112471814,1,0,3,5.0,ideal,0,Nederland,2,Cables,1,54.0,75 ,75,,,0
3426684537457155649,1,0,3,5.0,ideal,0,Nederland,1,Brush,1,49.0,75 ,75,,,0
4395893907516657368,1,0,3,5.0,ideal,0,Nederland,1,Brush,1,49.0,75 ,75,,,0
7351749810326227266,1,0,2,5.0,ideal,0,Nederland,1,Brush,1,49.0,75 ,75,,,0
16523232688838209303,1,0,2,5.0,ideal,0,Nederland,1,Brush,1,49.0,75 ,75,,,0
17048930191985707776,1,0,3,10.0,ideal,0,Nederland,1,Brush,1,98.0,75 ,75,,,0
14008324301085392841,0,0,3,5.0,ideal,0,Nederland,1,Brush,1,49.0,73 ,73,,,0
9565312983030009196,1,0,3,5.0,ideal,0,Nederland,1,Brush,1,49.0,75 ,75,,,0
12368400222081478953,1,0,3,5.0,ideal,0,Nederland,1,Brush,1,49.0,75 ,75,,,0
2696660502616835356,1,0,3,10.0,ideal,0,Nederland,1,Brush,1,98.0,75 ,75,,,0
10010061831476627590,1,0,2,5.0,ideal,0,Nederland,1,Brush,1,49.0,75 ,75,,,0
14189466297994129607,1,0,3,10.0,ideal,0,Nederland,2,Heads,1,54.0,75 ,75,,,0
5141209517276802220,1,0,3,5.0,creditcard,0,Nederland,1,Brush,1,49.0,75 ,75,,,0
259664664674006988,1,0,3,5.0,ideal,0,Nederland,1,Brush,1,69.0,75 ,75,,,0
14772683132146444637,1,0,3,10.0,ideal,0,Nederland,1,Brush,1,98.0,75 ,75,,,0
118288968640116846,1,0,2,5.0,ideal,0,Nederland,1,Brush,1,69.0,75 ,75,,,0
2117288415203590874,1,0,3,5.0,ideal,0,Nederland,1,Brush,1,59.0,222 ,222,,,0
3407873833145475851,1,0,3,5.0,paypal,0,Nederland,1,Brush,1,49.0,75 ,75,,,0
12150799287145991312,1,0,3,10.0,ideal,0,Nederland,1,Brush,1,98.0,75 ,75,,,0
10679687094341213737,1,0,1,5.0,paypal,0,Nederland,3,Heads,1,59.0,75 ,75,,,0
4699176249228695370,1,0,3,5.0,paypal,0,Nederland,1,Brush,1,69.0,75 ,75,,,0
8013129281806279420,1,0,3,5.0,ideal,0,Nederland,1,Brush,1,49.0,75 ,75,,,0
14420234406260153761,1,0,3,5.0,paypal,0,Nederland,1,Brush,1,49.0,74 ,74,,,0
7887956519408805785,1,0,3,5.0,ideal,0,Nederland,2,Heads,1,54.0,74 ,74,,,0
14653939460695199358,1,0,2,5.0,ideal,0,Nederland,1,Brush,1,49.0,74 ,74,,,0
2407631260344863448,1,0,3,5.0,ideal,0,Nederland,1,Brush,1,54.0,221 ,221,,,0
7793132220973664468,1,0,3,5.0,ideal,0,Nederland,1,Brush,1,49.0,72 ,72,,,0
16827991612527469530,1,0,3,5.0,ideal,0,Nederland,2,Heads,1,54.0,74 ,74,,,0
16287839248829613534,1,0,3,5.0,ideal,0,Nederland,1,Brush,1,49.0,74 ,74,,,0
7574527108746624252,1,0,3,5.0,ideal,0,Nederland,1,Brush,1,49.0,74 ,74,,,0
943854623907589384,1,0,3,5.0,ideal,0,Nederland,2,Brush,2,98.0,74 ,74,,,0
8573245914966710449,1,0,3,5.0,ideal,0,Nederland,1,Brush,1,69.0,74 ,74,,,0
2579813934026290619,1,0,3,5.0,creditcard,0,Nederland,1,Brush,1,49.0,73 ,73,,,0
13394851505745516140,1,0,3,5.0,ideal,0,Nederland,1,Brush,1,49.0,73 ,73,,,0
5094420626618962167,1,0,2,5.0,ideal,0,Nederland,1,Brush,1,49.0,73 ,73,,,0
2598732136082716698,1,0,2,5.0,ideal,0,Nederland,1,Brush,1,69.0,73 ,73,,,0
4043040840710217386,1,0,2,5.0,ideal,0,Nederland,1,Brush,1,49.0,73 ,73,,,0
9883491235021173203,1,0,2,5.0,creditcard,0,Nederland,1,Brush,1,49.0,73 ,73,,,0
12420419988697937451,1,0,2,5.0,ideal,0,Nederland,1,Brush,1,49.0,73 ,73,,,0
17841564621532264465,1,0,3,5.0,ideal,0,Nederland,1,Brush,1,49.0,73 ,73,,,0
6279738906185503810,1,0,3,5.0,ideal,0,Nederland,1,Brush,1,54.0,219 ,39,Ik vind het product niet prettig.,,1
1543852964382658010,1,0,3,5.0,ideal,0,Nederland,1,Brush,1,49.0,73 ,73,,,0
12773536122697132634,1,0,3,5.0,ideal,0,Nederland,1,Brush,1,49.0,73 ,73,,,0
15551303797767662259,1,0,2,5.0,ideal,0,Nederland,1,Brush,1,49.0,73 ,73,,,0
9478052135522237492,1,0,2,10.0,ideal,0,Nederland,1,Brush,1,98.0,73 ,73,,,0
1933951371332009424,1,0,2,5.0,ideal,0,Nederland,2,Brush,1,118.0,73 ,73,,,0
8899394599472681594,1,0,3,5.0,ideal,0,Nederland,1,Brush,1,69.0,73 ,73,,,0
9583807069345660686,1,0,3,5.0,creditcard,0,Nederland,1,Brush,1,49.0,73 ,73,,,0
249823709543661839,1,0,2,5.0,ideal,0,Nederland,2,Heads,1,74.0,72 ,72,,,0
15825267318528327447,1,0,3,5.0,ideal,0,Nederland,1,Brush,1,54.0,219 ,219,,,0
13456701448594230895,1,0,2,5.0,ideal,0,Nederland,1,Brush,1,49.0,72 ,72,,,0
13336494888398535630,1,0,3,5.0,ideal,0,Nederland,1,Brush,1,49.0,72 ,72,,,0
7515684243299308806,1,0,3,10.0,creditcard,0,Nederland,2,Brush,2,98.0,72 ,72,,,0
13835910404817630426,1,0,2,5.0,ideal,0,Nederland,1,Brush,1,49.0,72 ,72,,,0
12810598585177484380,0,0,3,10.0,ideal,0,Nederland,1,Brush,1,118.0,72 ,72,,,1
15170475597245297857,1,0,3,5.0,paypal,0,Nederland,1,Brush,1,49.0,72 ,72,,,0
7211546374241515435,0,0,2,5.0,ideal,0,Nederland,1,Brush,1,49.0,72 ,72,,,1
13933873768050776765,1,0,3,5.0,ideal,0,Nederland,1,Brush,1,49.0,72 ,72,,,0
10865192579328286149,1,0,3,5.0,ideal,0,Nederland,1,Brush,1,69.0,219 ,219,,,0
12389140477539815498,1,0,3,5.0,paypal,0,Nederland,1,Brush,1,49.0,72 ,72,,,0
11448359147212185584,1,0,3,10.0,ideal,0,Nederland,2,Heads,1,54.0,72 ,72,,,0
1380930593138490988,1,0,3,10.0,ideal,0,Nederland,1,Brush,1,98.0,72 ,72,,,0
841524327698740979,1,0,2,5.0,ideal,0,Nederland,1,Brush,1,49.0,72 ,72,,,0
4137028771561623612,1,0,3,10.0,paypal,0,Nederland,2,Brush,2,98.0,72 ,72,,,0
16659267984240367819,1,0,2,10.0,creditcard,0,Nederland,1,Brush,1,98.0,65 ,65,,,0
1349281443688950703,1,0,2,5.0,ideal,0,Nederland,1,Brush,1,49.0,72 ,72,,,0
11708976202825534347,1,0,3,5.0,ideal,0,Nederland,1,Brush,1,54.0,218 ,218,,,0
10185667605653348148,1,0,3,5.0,creditcard,0,Nederland,1,Brush,1,49.0,72 ,72,,,0
6306849483394938073,1,0,3,10.0,ideal,0,Nederland,1,Brush,1,98.0,72 ,72,,,0
18139639685611768723,1,0,2,5.0,ideal,0,Nederland,1,Brush,1,69.0,72 ,72,,,0
7185019314276310123,1,0,3,5.0,ideal,0,Nederland,1,Brush,1,49.0,72 ,72,,,0
3791039045029860767,1,0,3,5.0,paypal,0,Nederland,1,Brush,1,49.0,71 ,71,,,0
16855058128627158388,1,0,2,5.0,ideal,0,Nederland,1,Brush,1,69.0,71 ,71,,,0
17482420833419668499,1,0,3,5.0,ideal,0,Nederland,13,Brush,2,523.0,30 ,71,,,0
2727988221176127764,1,0,3,10.0,creditcard,0,Nederland,2,Brush,1,138.0,71 ,71,,,0
4529380368603085522,1,0,3,5.0,ideal,0,Nederland,1,Brush,1,59.0,71 ,71,,,0
17853517762263902290,1,0,3,5.0,ideal,0,Nederland,1,Brush,1,54.0,218 ,218,,,0
12604353168355924785,1,0,2,10.0,ideal,0,Nederland,1,Brush,1,98.0,71 ,71,,,0
12807947650172273312,1,0,2,10.0,ideal,0,Nederland,1,Brush,1,98.0,71 ,71,,,0
2201737743416803254,1,0,3,5.0,ideal,0,Nederland,1,Brush,1,59.0,71 ,71,,,0
15529962691973709313,1,0,3,10.0,ideal,0,Nederland,2,Brush,2,157.0,55 ,71,,,0
17757815534213513011,1,0,3,5.0,ideal,0,Nederland,1,Brush,1,59.0,70 ,70,,,0
7120322293640146361,1,0,3,5.0,creditcard,0,Nederland,1,Brush,1,54.0,218 ,218,,,0
6873615301519821056,1,0,3,5.0,ideal,0,Nederland,1,Brush,1,59.0,69 ,69,,,0
13165336591922265996,1,0,2,10.0,ideal,0,Nederland,1,Brush,1,118.0,69 ,69,,,0
3945294765891482450,1,0,2,5.0,ideal,0,Nederland,1,Brush,1,59.0,68 ,68,,,0
7265711577810128793,1,0,3,5.0,ideal,0,Nederland,1,Brush,1,79.0,69 ,69,,,0
16661228529684283789,1,0,3,10.0,ideal,0,Nederland,1,Brush,1,118.0,69 ,69,,,0
8697861675335928297,1,0,3,10.0,ideal,0,Nederland,1,Brush,1,118.0,69 ,69,,,0
143826176443290150,1,0,2,5.0,ideal,0,Nederland,1,Brush,1,79.0,69 ,69,,,0
13865676262448263,1,0,3,5.0,ideal,0,Nederland,1,Brush,1,54.0,217 ,163,Ik gebruik de borsel niet meer.,,1
16560064687138181628,1,0,3,5.0,ideal,0,Nederland,1,Brush,1,79.0,69 ,69,,,0
16861795451476647689,1,0,3,5.0,ideal,0,Nederland,1,Brush,1,69.0,69 ,69,,,0
17558914436370881594,0,0,3,10.0,ideal,0,Nederland,2,Heads,1,103.0,69 ,69,,,0
15818628675353970097,1,0,3,10.0,ideal,0,Nederland,1,Brush,1,118.0,69 ,69,,,0
15596433320270243314,1,0,3,5.0,ideal,0,Nederland,1,Brush,1,59.0,69 ,69,,,0
10745335346141623550,1,0,3,10.0,ideal,0,Nederland,1,Brush,1,118.0,68 ,68,,,0
12810139319913515694,0,0,3,5.0,ideal,0,Nederland,2,Brush,1,158.0,68 ,68,,,0
8944933049425168404,1,0,2,5.0,ideal,0,Nederland,1,Brush,1,69.0,68 ,68,,,0
17174175164805060030,1,0,3,5.0,ideal,0,Nederland,1,Brush,1,54.0,217 ,217,,,0
10173444776432091953,1,0,3,10.0,ideal,0,Nederland,1,Brush,1,108.0,68 ,68,,,0
13285187176158404440,1,0,3,5.0,ideal,0,Nederland,1,Brush,1,79.0,67 ,67,,,0
2062826636957736578,1,0,2,5.0,ideal,0,Nederland,1,Brush,1,79.0,67 ,67,,,0
12976144141776893305,1,0,1,5.0,ideal,0,Nederland,1,Brush,1,79.0,67 ,67,,,0
3268560322686142709,1,0,3,5.0,ideal,0,Nederland,1,Brush,1,79.0,67 ,67,,,0
15074063836055875062,1,0,3,5.0,ideal,0,Nederland,1,Brush,1,79.0,67 ,67,,,0
5322434471778858021,1,0,3,10.0,ideal,0,Nederland,2,Brush,2,108.0,61 ,66,,,0
1046436051545085824,1,0,3,5.0,ideal,0,Nederland,1,Brush,1,49.0,66 ,66,,,0
