ID,Recency,Frequency,MonetaryValue,R,F,M,RFM_Segment,RFM_Score,Segment,Score
2092329948149575290,217,1,54.0,4,1,2,4.01.02.0,7,Hibernating,Bronze
12849545117712085541,66,1,98.0,2,1,4,2.01.04.0,7,New customers,Bronze
8144808881881603173,66,1,69.0,2,1,3,2.01.03.0,6,New customers,Bronze
14457143150027122736,66,1,98.0,2,1,4,2.01.04.0,7,New customers,Bronze
9143720643862541019,66,1,98.0,2,1,4,2.01.04.0,7,New customers,Bronze
10926515571155703347,66,1,49.0,2,1,1,2.01.01.0,4,New customers,Green
7860386273841242005,66,2,147.0,2,4,4,2.04.04.0,10,Can't loose them,Gold
6358434064837544706,66,1,98.0,2,1,4,2.01.04.0,7,New customers,Bronze
11746536310016686914,66,1,69.0,2,1,3,2.01.03.0,6,New customers,Bronze
2804492718261522268,66,1,69.0,2,1,3,2.01.03.0,6,New customers,Bronze
982014640712641027,66,1,59.0,2,1,2,2.01.02.0,5,New customers,Green
16980505942545337569,66,1,59.0,2,1,2,2.01.02.0,5,New customers,Green
3097298802046789202,66,1,59.0,2,1,2,2.01.02.0,5,New customers,Green
18410470133223644928,65,1,59.0,2,1,2,2.01.02.0,5,New customers,Green
3593312783142525313,65,1,59.0,2,1,2,2.01.02.0,5,New customers,Green
10553858868509974456,65,1,49.0,2,1,1,2.01.01.0,4,New customers,Green
6078612213743548301,65,1,59.0,2,1,2,2.01.02.0,5,New customers,Green
7316888033561635806,21,3,146.0,1,4,4,1.04.04.0,9,Can't loose them,Silver
11056742790466250765,65,1,59.0,2,1,2,2.01.02.0,5,New customers,Green
13585700814757968933,216,1,54.0,4,1,2,4.01.02.0,7,Hibernating,Bronze
16616716005059500499,65,1,98.0,2,1,4,2.01.04.0,7,New customers,Bronze
2807551524959266884,65,1,59.0,2,1,2,2.01.02.0,5,New customers,Green
15056058060736151856,65,1,59.0,2,1,2,2.01.02.0,5,New customers,Green
3468240274629237542,65,1,98.0,2,1,4,2.01.04.0,7,New customers,Bronze
980150487856794791,65,1,79.0,2,1,4,2.01.04.0,7,New customers,Bronze
8900580137940178426,65,1,59.0,2,1,2,2.01.02.0,5,New customers,Green
16705789012441344101,65,1,59.0,2,1,2,2.01.02.0,5,New customers,Green
6930417139726957105,64,1,59.0,1,1,2,1.01.02.0,4,New customers,Green
9190685809429873146,216,1,59.0,4,1,2,4.01.02.0,7,Hibernating,Bronze
11701194206321367400,64,1,59.0,1,1,2,1.01.02.0,4,New customers,Green
10394669637098737025,64,1,49.0,1,1,1,1.01.01.0,3,New customers,Green
989692162345027689,64,1,49.0,1,1,1,1.01.01.0,3,New customers,Green
14302136601454209291,64,1,79.0,1,1,4,1.01.04.0,6,New customers,Bronze
2785003033602210435,64,1,59.0,1,1,2,1.01.02.0,4,New customers,Green
8019391083294257373,64,1,59.0,1,1,2,1.01.02.0,4,New customers,Green
14337157005436584057,64,1,49.0,1,1,1,1.01.01.0,3,New customers,Green
878680081336990355,64,1,59.0,1,1,2,1.01.02.0,4,New customers,Green
6008167547059224202,64,1,59.0,1,1,2,1.01.02.0,4,New customers,Green
15355169878858886788,215,1,54.0,4,1,2,4.01.02.0,7,Hibernating,Bronze
722200958363799690,64,1,59.0,1,1,2,1.01.02.0,4,New customers,Green
15703099007693156798,11,2,177.0,1,4,4,1.04.04.0,9,Can't loose them,Silver
10333552501388925456,64,1,69.0,1,1,3,1.01.03.0,5,New customers,Green
231151586908095279,64,1,59.0,1,1,2,1.01.02.0,4,New customers,Green
12377385007815017393,64,1,98.0,1,1,4,1.01.04.0,6,New customers,Bronze
9261433223730903571,64,1,59.0,1,1,2,1.01.02.0,4,New customers,Green
8304585558606337644,64,1,54.0,1,1,2,1.01.02.0,4,New customers,Green
521309028692251414,64,1,59.0,1,1,2,1.01.02.0,4,New customers,Green
8042277878521268360,64,1,59.0,1,1,2,1.01.02.0,4,New customers,Green
3586815104147056644,215,1,54.0,4,1,2,4.01.02.0,7,Hibernating,Bronze
13720583500974671082,64,1,59.0,1,1,2,1.01.02.0,4,New customers,Green
9780086345972169304,64,1,59.0,1,1,2,1.01.02.0,4,New customers,Green
12693925001627043110,63,1,49.0,1,1,1,1.01.01.0,3,New customers,Green
6592455766511263161,63,1,59.0,1,1,2,1.01.02.0,4,New customers,Green
16065771534883619984,63,1,98.0,1,1,4,1.01.04.0,6,New customers,Bronze
2159116679220094625,63,1,69.0,1,1,3,1.01.03.0,5,New customers,Green
9710370369204447007,215,1,54.0,4,1,2,4.01.02.0,7,Hibernating,Bronze
10442890906728898104,63,1,98.0,1,1,4,1.01.04.0,6,New customers,Bronze
11835223427816078796,63,1,49.0,1,1,1,1.01.01.0,3,New customers,Green
1841553387978985424,63,1,59.0,1,1,2,1.01.02.0,4,New customers,Green
18155312542746288267,63,1,118.0,1,1,4,1.01.04.0,6,New customers,Bronze
17681061640471441222,63,1,59.0,1,1,2,1.01.02.0,4,New customers,Green
13544868969870315057,61,1,69.0,1,1,3,1.01.03.0,5,New customers,Green
6925041060827556222,63,1,59.0,1,1,2,1.01.02.0,4,New customers,Green
2402966449759485368,63,1,98.0,1,1,4,1.01.04.0,6,New customers,Bronze
8346844482079817240,63,1,98.0,1,1,4,1.01.04.0,6,New customers,Bronze
7371741277100764155,63,1,49.0,1,1,1,1.01.01.0,3,New customers,Green
1457276385959472897,63,1,59.0,1,1,2,1.01.02.0,4,New customers,Green
3834546057186684847,63,1,59.0,1,1,2,1.01.02.0,4,New customers,Green
14863565139455775742,63,1,118.0,1,1,4,1.01.04.0,6,New customers,Bronze
15568317465749582675,63,1,79.0,1,1,4,1.01.04.0,6,New customers,Bronze
2332741262122699313,63,1,118.0,1,1,4,1.01.04.0,6,New customers,Bronze
18345079346259768335,63,1,69.0,1,1,3,1.01.03.0,5,New customers,Green
878628228032607658,63,1,59.0,1,1,2,1.01.02.0,4,New customers,Green
11147281675936296148,63,1,98.0,1,1,4,1.01.04.0,6,New customers,Bronze
16392489912132223678,62,3,157.0,1,4,4,1.04.04.0,9,Can't loose them,Silver
11512884158783936317,214,1,69.0,4,1,3,4.01.03.0,8,Hibernating,Silver
15603631728541996750,62,1,98.0,1,1,4,1.01.04.0,6,New customers,Bronze
4125774662990549136,62,2,108.0,1,4,4,1.04.04.0,9,Can't loose them,Silver
4324426463177775862,62,1,59.0,1,1,2,1.01.02.0,4,New customers,Green
14531290821776903394,62,1,118.0,1,1,4,1.01.04.0,6,New customers,Bronze
9125882766947149980,62,1,98.0,1,1,4,1.01.04.0,6,New customers,Bronze
9614952012776062092,62,1,59.0,1,1,2,1.01.02.0,4,New customers,Green
5783237444950107479,62,1,49.0,1,1,1,1.01.01.0,3,New customers,Green
1074352223448569226,62,1,118.0,1,1,4,1.01.04.0,6,New customers,Bronze
5618273908092892137,213,1,54.0,4,1,2,4.01.02.0,7,Hibernating,Bronze
8704005684756308428,61,1,59.0,1,1,2,1.01.02.0,4,New customers,Green
4879608382076943991,61,1,59.0,1,1,2,1.01.02.0,4,New customers,Green
15972818496181010393,61,1,49.0,1,1,1,1.01.01.0,3,New customers,Green
5451908994867726456,61,1,49.0,1,1,1,1.01.01.0,3,New customers,Green
5289044467183505736,61,1,59.0,1,1,2,1.01.02.0,4,New customers,Green
18325563663669721105,61,1,118.0,1,1,4,1.01.04.0,6,New customers,Bronze
11866012411734094281,61,1,59.0,1,1,2,1.01.02.0,4,New customers,Green
13951764139698301267,112,1,69.0,4,1,3,4.01.03.0,8,Hibernating,Silver
8774207353035754699,212,1,69.0,4,1,3,4.01.03.0,8,Hibernating,Silver
18269982434657298254,61,1,49.0,1,1,1,1.01.01.0,3,New customers,Green
1459368236885273929,61,1,59.0,1,1,2,1.01.02.0,4,New customers,Green
4785413489526169954,61,1,118.0,1,1,4,1.01.04.0,6,New customers,Bronze
10863158811623863861,61,1,59.0,1,1,2,1.01.02.0,4,New customers,Green
16713771256826565486,61,1,49.0,1,1,1,1.01.01.0,3,New customers,Green
5133122818208974001,61,1,59.0,1,1,2,1.01.02.0,4,New customers,Green
7055538257474694359,61,3,216.0,1,4,4,1.04.04.0,9,Can't loose them,Silver
18258191009792835197,60,1,49.0,1,1,1,1.01.01.0,3,New customers,Green
13295181731352603830,60,1,98.0,1,1,4,1.01.04.0,6,New customers,Bronze
16366075667949985477,60,1,49.0,1,1,1,1.01.01.0,3,New customers,Green
14849124851562174317,60,1,98.0,1,1,4,1.01.04.0,6,New customers,Bronze
3163928879406411815,60,1,79.0,1,1,4,1.01.04.0,6,New customers,Bronze
5700183627448330193,60,1,79.0,1,1,4,1.01.04.0,6,New customers,Bronze
11387830789627417116,60,1,118.0,1,1,4,1.01.04.0,6,New customers,Bronze
3058791451689756806,60,1,59.0,1,1,2,1.01.02.0,4,New customers,Green
7209462318020999159,60,3,372.0,1,4,4,1.04.04.0,9,Can't loose them,Silver
12163597029443120557,60,1,49.0,1,1,1,1.01.01.0,3,New customers,Green
7508598467882006714,60,1,59.0,1,1,2,1.01.02.0,4,New customers,Green
7766978622359540062,59,1,98.0,1,1,4,1.01.04.0,6,New customers,Bronze
4756726702013521053,59,1,79.0,1,1,4,1.01.04.0,6,New customers,Bronze
2328677938472998843,59,1,98.0,1,1,4,1.01.04.0,6,New customers,Bronze
10621263192391622467,59,1,49.0,1,1,1,1.01.01.0,3,New customers,Green
9124986713471753488,59,1,59.0,1,1,2,1.01.02.0,4,New customers,Green
9960362601556339041,59,1,29.0,1,1,1,1.01.01.0,3,New customers,Green
6635089301614044770,59,1,59.0,1,1,2,1.01.02.0,4,New customers,Green
85671678049119561,59,1,98.0,1,1,4,1.01.04.0,6,New customers,Bronze
5296275542687124291,59,1,84.0,1,1,4,1.01.04.0,6,New customers,Bronze
17729924925265845459,59,1,49.0,1,1,1,1.01.01.0,3,New customers,Green
6286137562483355822,59,1,98.0,1,1,4,1.01.04.0,6,New customers,Bronze
5057724302244753210,59,1,79.0,1,1,4,1.01.04.0,6,New customers,Bronze
15769689520620085024,59,1,69.0,1,1,3,1.01.03.0,5,New customers,Green
15024820967816699258,59,1,59.0,1,1,2,1.01.02.0,4,New customers,Green
10910700024083239025,59,1,79.0,1,1,4,1.01.04.0,6,New customers,Bronze
5930558639921463248,58,1,59.0,1,1,2,1.01.02.0,4,New customers,Green
4802274902586195272,58,1,79.0,1,1,4,1.01.04.0,6,New customers,Bronze
9174588856996449749,58,1,59.0,1,1,2,1.01.02.0,4,New customers,Green
5683216913311147970,204,1,69.0,4,1,3,4.01.03.0,8,Hibernating,Silver
8480797611775627834,58,1,59.0,1,1,2,1.01.02.0,4,New customers,Green
4896423504644705771,58,1,118.0,1,1,4,1.01.04.0,6,New customers,Bronze
14033144248642689358,58,1,49.0,1,1,1,1.01.01.0,3,New customers,Green
15637702101113266468,58,1,59.0,1,1,2,1.01.02.0,4,New customers,Green
18162787999875888958,57,1,59.0,1,1,2,1.01.02.0,4,New customers,Green
10639402319874357116,57,1,59.0,1,1,2,1.01.02.0,4,New customers,Green
10456384439887744252,118,2,246.0,4,4,4,4.04.04.0,12,Champions,Platinum
15906403905354870147,57,1,49.0,1,1,1,1.01.01.0,3,New customers,Green
16929077899434675612,57,1,59.0,1,1,2,1.01.02.0,4,New customers,Green
18118967922206796849,57,1,49.0,1,1,1,1.01.01.0,3,New customers,Green
3150839040240949065,57,1,59.0,1,1,2,1.01.02.0,4,New customers,Green
14918891033534468840,57,1,49.0,1,1,1,1.01.01.0,3,New customers,Green
2458830312023663244,57,1,98.0,1,1,4,1.01.04.0,6,New customers,Bronze
11905271228717394509,57,1,98.0,1,1,4,1.01.04.0,6,New customers,Bronze
5029359627721537288,57,1,98.0,1,1,4,1.01.04.0,6,New customers,Bronze
10766486190644565627,203,1,126.4,4,1,4,4.01.04.0,9,Hibernating,Silver
2653014394352546759,57,1,49.0,1,1,1,1.01.01.0,3,New customers,Green
8591568636177342933,56,1,98.0,1,1,4,1.01.04.0,6,New customers,Bronze
6501314715541072700,56,1,59.0,1,1,2,1.01.02.0,4,New customers,Green
17743578564437024909,56,1,98.0,1,1,4,1.01.04.0,6,New customers,Bronze
8917202816420675156,56,1,59.0,1,1,2,1.01.02.0,4,New customers,Green
11334844294317802452,56,1,59.0,1,1,2,1.01.02.0,4,New customers,Green
13928967918570104295,56,1,98.0,1,1,4,1.01.04.0,6,New customers,Bronze
2704614161085296884,56,1,59.0,1,1,2,1.01.02.0,4,New customers,Green
8979191925096565949,56,1,49.0,1,1,1,1.01.01.0,3,New customers,Green
8975697075005471577,56,1,64.0,1,1,3,1.01.03.0,5,New customers,Green
3672187788796826861,56,1,49.0,1,1,1,1.01.01.0,3,New customers,Green
6218193517893077298,56,1,98.0,1,1,4,1.01.04.0,6,New customers,Bronze
16569415978166880144,56,1,49.0,1,1,1,1.01.01.0,3,New customers,Green
15773398928988591897,56,1,49.0,1,1,1,1.01.01.0,3,New customers,Green
10279044116047004164,55,1,59.0,1,1,2,1.01.02.0,4,New customers,Green
4809216584215890216,55,1,59.0,1,1,2,1.01.02.0,4,New customers,Green
13863158415636044849,55,1,59.0,1,1,2,1.01.02.0,4,New customers,Green
1684784631515774593,55,1,59.0,1,1,2,1.01.02.0,4,New customers,Green
15560078650184302950,55,1,59.0,1,1,2,1.01.02.0,4,New customers,Green
18370797922126827446,199,1,59.0,4,1,2,4.01.02.0,7,Hibernating,Bronze
5137452452470791231,55,1,49.0,1,1,1,1.01.01.0,3,New customers,Green
6901273935708566400,55,1,59.0,1,1,2,1.01.02.0,4,New customers,Green
13648202054851762484,55,1,59.0,1,1,2,1.01.02.0,4,New customers,Green
15503922870704967080,55,1,59.0,1,1,2,1.01.02.0,4,New customers,Green
6834442129824853629,55,1,98.0,1,1,4,1.01.04.0,6,New customers,Bronze
6009166465316279877,55,1,49.0,1,1,1,1.01.01.0,3,New customers,Green
7739055077105344362,55,1,49.0,1,1,1,1.01.01.0,3,New customers,Green
1972882586939535225,54,1,98.0,1,1,4,1.01.04.0,6,New customers,Bronze
2899523397423327914,54,1,49.0,1,1,1,1.01.01.0,3,New customers,Green
16532752730068381004,198,1,69.0,4,1,3,4.01.03.0,8,Hibernating,Silver
10774735259801269876,54,1,118.0,1,1,4,1.01.04.0,6,New customers,Bronze
16035810709728169147,54,1,49.0,1,1,1,1.01.01.0,3,New customers,Green
15067582118593510069,54,1,59.0,1,1,2,1.01.02.0,4,New customers,Green
3872326130522189833,54,1,49.0,1,1,1,1.01.01.0,3,New customers,Green
4110210225234306405,54,1,69.0,1,1,3,1.01.03.0,5,New customers,Green
9070675748268220325,54,1,98.0,1,1,4,1.01.04.0,6,New customers,Bronze
13029425886323816467,54,1,49.0,1,1,1,1.01.01.0,3,New customers,Green
11384085483388807601,54,1,98.0,1,1,4,1.01.04.0,6,New customers,Bronze
12438799302063557588,54,1,49.0,1,1,1,1.01.01.0,3,New customers,Green
8040066018977288142,198,1,59.0,4,1,2,4.01.02.0,7,Hibernating,Bronze
10443434056106297419,54,1,98.0,1,1,4,1.01.04.0,6,New customers,Bronze
13610349042606973789,54,1,49.0,1,1,1,1.01.01.0,3,New customers,Green
14096833431217098995,54,1,59.0,1,1,2,1.01.02.0,4,New customers,Green
1312519903901346913,54,1,59.0,1,1,2,1.01.02.0,4,New customers,Green
14062075692560998967,54,1,49.0,1,1,1,1.01.01.0,3,New customers,Green
1506651584300194250,53,1,49.0,1,1,1,1.01.01.0,3,New customers,Green
2155342167026746998,53,1,98.0,1,1,4,1.01.04.0,6,New customers,Bronze
18349346770532788513,53,1,49.0,1,1,1,1.01.01.0,3,New customers,Green
17561577247977342840,53,1,59.0,1,1,2,1.01.02.0,4,New customers,Green
2402839078013284266,109,1,49.0,4,1,1,4.01.01.0,6,Hibernating,Bronze
17841362688186316626,53,1,98.0,1,1,4,1.01.04.0,6,New customers,Bronze
13309194299306156988,53,1,49.0,1,1,1,1.01.01.0,3,New customers,Green
11858890659276128339,53,1,98.0,1,1,4,1.01.04.0,6,New customers,Bronze
8379042264588664713,53,1,79.0,1,1,4,1.01.04.0,6,New customers,Bronze
5568676751896722023,53,1,59.0,1,1,2,1.01.02.0,4,New customers,Green
7368437151742494115,53,1,98.0,1,1,4,1.01.04.0,6,New customers,Bronze
9371251601850619670,53,1,49.0,1,1,1,1.01.01.0,3,New customers,Green
17140572550367222136,53,1,98.0,1,1,4,1.01.04.0,6,New customers,Bronze
14236258333430735468,53,1,54.0,1,1,2,1.01.02.0,4,New customers,Green
10386900069782016011,53,1,69.0,1,1,3,1.01.03.0,5,New customers,Green
15887352123592804924,52,1,108.0,1,1,4,1.01.04.0,6,New customers,Bronze
13960280924210967809,52,1,59.0,1,1,2,1.01.02.0,4,New customers,Green
4101637664239133974,52,1,59.0,1,1,2,1.01.02.0,4,New customers,Green
1808823298780244328,52,1,49.0,1,1,1,1.01.01.0,3,New customers,Green
7032844169297977556,52,1,64.0,1,1,3,1.01.03.0,5,New customers,Green
16174665789216178016,194,1,69.0,4,1,3,4.01.03.0,8,Hibernating,Silver
14407671440766930591,52,1,49.0,1,1,1,1.01.01.0,3,New customers,Green
2624556408510906087,52,1,98.0,1,1,4,1.01.04.0,6,New customers,Bronze
12054421348682337464,52,1,69.0,1,1,3,1.01.03.0,5,New customers,Green
2029580213395326872,52,3,285.0,1,4,4,1.04.04.0,9,Can't loose them,Silver
11002898412815716368,52,2,117.0,1,4,4,1.04.04.0,9,Can't loose them,Silver
10193405316930545794,52,1,98.0,1,1,4,1.01.04.0,6,New customers,Bronze
13391731362315437266,193,1,69.0,4,1,3,4.01.03.0,8,Hibernating,Silver
17981503263208228451,51,1,69.0,1,1,3,1.01.03.0,5,New customers,Green
810202776421691101,51,1,118.0,1,1,4,1.01.04.0,6,New customers,Bronze
2564339644140808503,51,1,98.0,1,1,4,1.01.04.0,6,New customers,Bronze
7018199157763595857,51,1,118.0,1,1,4,1.01.04.0,6,New customers,Bronze
13677431220902472110,51,1,49.0,1,1,1,1.01.01.0,3,New customers,Green
8608198726757000045,51,2,137.0,1,4,4,1.04.04.0,9,Can't loose them,Silver
4906896128881033798,51,1,49.0,1,1,1,1.01.01.0,3,New customers,Green
6103035405958221839,51,1,98.0,1,1,4,1.01.04.0,6,New customers,Bronze
6922668111384325641,51,1,49.0,1,1,1,1.01.01.0,3,New customers,Green
3998244343639197646,50,1,98.0,1,1,4,1.01.04.0,6,New customers,Bronze
5963538531242638003,192,1,59.0,4,1,2,4.01.02.0,7,Hibernating,Bronze
1519761326792361061,50,1,118.0,1,1,4,1.01.04.0,6,New customers,Bronze
2056272861992592473,49,1,49.0,1,1,1,1.01.01.0,3,New customers,Green
13056067935717603059,49,1,49.0,1,1,1,1.01.01.0,3,New customers,Green
2735521004298523837,49,1,69.0,1,1,3,1.01.03.0,5,New customers,Green
16474070858165680654,49,1,49.0,1,1,1,1.01.01.0,3,New customers,Green
3706474753459817317,49,2,157.0,1,4,4,1.04.04.0,9,Can't loose them,Silver
9849980149181245552,49,2,117.0,1,4,4,1.04.04.0,9,Can't loose them,Silver
17957041230588250414,191,1,69.0,4,1,3,4.01.03.0,8,Hibernating,Silver
12963632021593421700,48,1,98.0,1,1,4,1.01.04.0,6,New customers,Bronze
17428483118006244726,48,1,98.0,1,1,4,1.01.04.0,6,New customers,Bronze
16461806475252304234,48,1,49.0,1,1,1,1.01.01.0,3,New customers,Green
2165038621549459700,47,1,49.0,1,1,1,1.01.01.0,3,New customers,Green
15990470791971010281,47,1,69.0,1,1,3,1.01.03.0,5,New customers,Green
17723896415217101141,46,2,117.0,1,4,4,1.04.04.0,9,Can't loose them,Silver
10793629781774528053,174,1,138.0,4,1,4,4.01.04.0,9,Hibernating,Silver
1255903237647817472,45,1,98.0,1,1,4,1.01.04.0,6,New customers,Bronze
7723137051505036273,46,1,94.4,1,1,4,1.01.04.0,6,New customers,Bronze
17572090344167960091,46,1,98.0,1,1,4,1.01.04.0,6,New customers,Bronze
12202172225512505517,45,1,98.0,1,1,4,1.01.04.0,6,New customers,Bronze
11965070441590783534,44,1,98.0,1,1,4,1.01.04.0,6,New customers,Bronze
3406689365709847257,190,1,49.0,4,1,1,4.01.01.0,6,Hibernating,Bronze
14922920980167178260,43,1,49.0,1,1,1,1.01.01.0,3,New customers,Green
5722720880056999046,13,2,235.0,1,4,4,1.04.04.0,9,Can't loose them,Silver
8526869565999451628,13,2,157.0,1,4,4,1.04.04.0,9,Can't loose them,Silver
5600178104878883347,13,2,157.0,1,4,4,1.04.04.0,9,Can't loose them,Silver
718674511004757356,13,2,137.0,1,4,4,1.04.04.0,9,Can't loose them,Silver
4434956812438420660,13,2,137.0,1,4,4,1.04.04.0,9,Can't loose them,Silver
1557437071949166121,29,2,235.0,1,4,4,1.04.04.0,9,Can't loose them,Silver
1939663375685122745,28,2,157.0,1,4,4,1.04.04.0,9,Can't loose them,Silver
8621199154746222408,189,1,69.0,4,1,3,4.01.03.0,8,Hibernating,Silver
14653591990872358247,24,2,39.0,1,4,1,1.04.01.0,6,Can't loose them,Bronze
9483569822441528996,20,2,195.0,1,4,4,1.04.04.0,9,Can't loose them,Silver
16944412626082919276,18,2,157.0,1,4,4,1.04.04.0,9,Can't loose them,Silver
16053356070658335968,17,2,235.0,1,4,4,1.04.04.0,9,Can't loose them,Silver
1671029242754895540,105,2,138.0,4,4,4,4.04.04.0,12,Champions,Platinum
13359710454099028454,17,2,147.0,1,4,4,1.04.04.0,9,Can't loose them,Silver
16701699721131986918,10,1,118.0,1,1,4,1.01.04.0,6,New customers,Bronze
10378623886287810515,188,1,59.0,4,1,2,4.01.02.0,7,Hibernating,Bronze
12423601842054485593,5,1,118.0,1,1,4,1.01.04.0,6,New customers,Bronze
14100862989395940130,4,1,79.0,1,1,4,1.01.04.0,6,New customers,Bronze
4469372485260068543,186,1,69.0,4,1,3,4.01.03.0,8,Hibernating,Silver
11625605783956937653,1,1,59.0,1,1,2,1.01.02.0,4,New customers,Green
4124585981353720554,1,1,59.0,1,1,2,1.01.02.0,4,New customers,Green
4973217745065955620,1,1,118.0,1,1,4,1.01.04.0,6,New customers,Bronze
14436873242887766938,180,1,69.0,4,1,3,4.01.03.0,8,Hibernating,Silver
1420701773615419302,180,1,69.0,4,1,3,4.01.03.0,8,Hibernating,Silver
8446839596138836410,178,1,69.0,4,1,3,4.01.03.0,8,Hibernating,Silver
8746450331732581181,172,1,69.0,4,1,3,4.01.03.0,8,Hibernating,Silver
6157670200324297113,171,1,138.0,4,1,4,4.01.04.0,9,Hibernating,Silver
13515422300854964790,171,2,148.0,4,4,4,4.04.04.0,12,Champions,Platinum
1337524337029399544,171,2,138.0,4,4,4,4.04.04.0,12,Champions,Platinum
979133825851806261,170,1,69.0,4,1,3,4.01.03.0,8,Hibernating,Silver
5123133844921125658,109,1,49.0,4,1,1,4.01.01.0,6,Hibernating,Bronze
4670193569245257744,166,1,69.0,4,1,3,4.01.03.0,8,Hibernating,Silver
11882628909530393396,146,1,59.0,4,1,2,4.01.02.0,7,Hibernating,Bronze
2394225225664363277,16,3,143.0,1,4,4,1.04.04.0,9,Can't loose them,Silver
2150740933492316862,146,1,69.0,4,1,3,4.01.03.0,8,Hibernating,Silver
10365444317712986810,101,1,69.0,3,1,3,3.01.03.0,7,Promising,Bronze
11704543757708028115,144,1,69.0,4,1,3,4.01.03.0,8,Hibernating,Silver
5847469403957991914,144,1,74.0,4,1,4,4.01.04.0,9,Hibernating,Silver
484575725261711141,144,1,69.0,4,1,3,4.01.03.0,8,Hibernating,Silver
3428482725025915635,111,1,103.5,4,1,4,4.01.04.0,9,Hibernating,Silver
6829083348344911241,141,1,103.5,4,1,4,4.01.04.0,9,Hibernating,Silver
8536152304108383528,141,1,103.5,4,1,4,4.01.04.0,9,Hibernating,Silver
3489326972985452164,140,1,103.5,4,1,4,4.01.04.0,9,Hibernating,Silver
12945644556679149605,139,1,103.5,4,1,4,4.01.04.0,9,Hibernating,Silver
17290484756711714384,138,1,69.0,4,1,3,4.01.03.0,8,Hibernating,Silver
17350008559439635158,137,1,69.0,4,1,3,4.01.03.0,8,Hibernating,Silver
13986044701924777021,54,2,128.0,1,4,4,1.04.04.0,9,Can't loose them,Silver
5038738213831185669,132,1,138.0,4,1,4,4.01.04.0,9,Hibernating,Silver
15182362308817791892,131,1,69.0,4,1,3,4.01.03.0,8,Hibernating,Silver
3267332113269868963,130,1,69.0,4,1,3,4.01.03.0,8,Hibernating,Silver
7945247636797509776,130,1,69.0,4,1,3,4.01.03.0,8,Hibernating,Silver
3189227102932006095,129,1,69.0,4,1,3,4.01.03.0,8,Hibernating,Silver
10289763121460702594,129,1,79.0,4,1,4,4.01.04.0,9,Hibernating,Silver
7946032916545257216,128,1,69.0,4,1,3,4.01.03.0,8,Hibernating,Silver
10050811704932380274,127,1,13.8,4,1,1,4.01.01.0,6,Hibernating,Bronze
5454566837223243518,126,1,69.0,4,1,3,4.01.03.0,8,Hibernating,Silver
9695821258099201519,126,1,69.0,4,1,3,4.01.03.0,8,Hibernating,Silver
15555201983752371835,125,1,138.0,4,1,4,4.01.04.0,9,Hibernating,Silver
14950466938553300992,124,1,69.0,4,1,3,4.01.03.0,8,Hibernating,Silver
8043172912252906472,123,1,69.0,4,1,3,4.01.03.0,8,Hibernating,Silver
10333420208090841124,123,1,69.0,4,1,3,4.01.03.0,8,Hibernating,Silver
10183936907500995023,123,1,69.0,4,1,3,4.01.03.0,8,Hibernating,Silver
15390288080687265194,123,1,69.0,4,1,3,4.01.03.0,8,Hibernating,Silver
5698661840277868005,123,1,138.0,4,1,4,4.01.04.0,9,Hibernating,Silver
13265720352870174826,122,1,69.0,4,1,3,4.01.03.0,8,Hibernating,Silver
14694980210207832701,122,1,69.0,4,1,3,4.01.03.0,8,Hibernating,Silver
11789182171068865815,121,1,69.0,4,1,3,4.01.03.0,8,Hibernating,Silver
15444894199192121144,121,1,69.0,4,1,3,4.01.03.0,8,Hibernating,Silver
4458339540397840812,121,1,69.0,4,1,3,4.01.03.0,8,Hibernating,Silver
8251802578618047696,121,1,79.0,4,1,4,4.01.04.0,9,Hibernating,Silver
14356298231128096804,121,1,69.0,4,1,3,4.01.03.0,8,Hibernating,Silver
6108805438428997118,52,1,49.0,1,1,1,1.01.01.0,3,New customers,Green
14438821654651702608,120,1,69.0,4,1,3,4.01.03.0,8,Hibernating,Silver
17874543154511247190,119,1,69.0,4,1,3,4.01.03.0,8,Hibernating,Silver
4653194115486669941,119,1,69.0,4,1,3,4.01.03.0,8,Hibernating,Silver
8183064589481403889,118,2,128.0,4,4,4,4.04.04.0,12,Champions,Platinum
17267083636055127237,117,1,69.0,4,1,3,4.01.03.0,8,Hibernating,Silver
11860022343434805806,116,1,69.0,4,1,3,4.01.03.0,8,Hibernating,Silver
7478575288433366565,116,1,69.0,4,1,3,4.01.03.0,8,Hibernating,Silver
12327943635405204640,115,1,69.0,4,1,3,4.01.03.0,8,Hibernating,Silver
3202303369591414952,115,1,69.0,4,1,3,4.01.03.0,8,Hibernating,Silver
13714272971490507093,115,1,69.0,4,1,3,4.01.03.0,8,Hibernating,Silver
736561800732140135,115,1,69.0,4,1,3,4.01.03.0,8,Hibernating,Silver
2320120290218914254,115,1,69.0,4,1,3,4.01.03.0,8,Hibernating,Silver
16164724063276218987,114,1,69.0,4,1,3,4.01.03.0,8,Hibernating,Silver
10480480552032908954,114,1,69.0,4,1,3,4.01.03.0,8,Hibernating,Silver
11793841597851926698,114,1,69.0,4,1,3,4.01.03.0,8,Hibernating,Silver
13206775286081990579,114,1,69.0,4,1,3,4.01.03.0,8,Hibernating,Silver
9956177655514587434,113,1,69.0,4,1,3,4.01.03.0,8,Hibernating,Silver
18179292408800621501,113,1,69.0,4,1,3,4.01.03.0,8,Hibernating,Silver
5448340328929533060,113,1,69.0,4,1,3,4.01.03.0,8,Hibernating,Silver
7804885035639103115,63,1,59.0,1,1,2,1.01.02.0,4,New customers,Green
4626916371515415124,111,1,69.0,4,1,3,4.01.03.0,8,Hibernating,Silver
18297251740468521619,111,1,69.0,4,1,3,4.01.03.0,8,Hibernating,Silver
6402499468457573746,111,1,49.0,4,1,1,4.01.01.0,6,Hibernating,Bronze
18097117381689063141,111,1,74.0,4,1,4,4.01.04.0,9,Hibernating,Silver
12571232342281288485,111,1,49.0,4,1,1,4.01.01.0,6,Hibernating,Bronze
1822119517118274776,111,1,69.0,4,1,3,4.01.03.0,8,Hibernating,Silver
9568019338076792379,110,1,49.0,4,1,1,4.01.01.0,6,Hibernating,Bronze
4680851965513005596,110,1,49.0,4,1,1,4.01.01.0,6,Hibernating,Bronze
5205661304928229578,110,1,49.0,4,1,1,4.01.01.0,6,Hibernating,Bronze
11752194109826800715,110,1,49.0,4,1,1,4.01.01.0,6,Hibernating,Bronze
17462879660157315889,110,1,49.0,4,1,1,4.01.01.0,6,Hibernating,Bronze
3271883285946110702,110,1,49.0,4,1,1,4.01.01.0,6,Hibernating,Bronze
6849331633474164688,110,1,49.0,4,1,1,4.01.01.0,6,Hibernating,Bronze
15331251057997076453,110,1,49.0,4,1,1,4.01.01.0,6,Hibernating,Bronze
11420288684313233343,110,1,49.0,4,1,1,4.01.01.0,6,Hibernating,Bronze
11500976836682668422,110,1,49.0,4,1,1,4.01.01.0,6,Hibernating,Bronze
2706289192044013367,109,1,49.0,4,1,1,4.01.01.0,6,Hibernating,Bronze
6866714121957372707,109,1,54.0,4,1,2,4.01.02.0,7,Hibernating,Bronze
10176581786305241434,109,1,54.0,4,1,2,4.01.02.0,7,Hibernating,Bronze
13568922365667141299,109,1,118.0,4,1,4,4.01.04.0,9,Hibernating,Silver
2187078798911113356,109,1,49.0,4,1,1,4.01.01.0,6,Hibernating,Bronze
11864576008850313258,109,1,49.0,4,1,1,4.01.01.0,6,Hibernating,Bronze
16624089970812708592,109,1,49.0,4,1,1,4.01.01.0,6,Hibernating,Bronze
9448342816935795383,109,1,49.0,4,1,1,4.01.01.0,6,Hibernating,Bronze
740273952338699188,109,1,49.0,4,1,1,4.01.01.0,6,Hibernating,Bronze
18051799670645550180,109,1,49.0,4,1,1,4.01.01.0,6,Hibernating,Bronze
11798892116606881866,109,1,49.0,4,1,1,4.01.01.0,6,Hibernating,Bronze
16029833778003876580,109,1,49.0,4,1,1,4.01.01.0,6,Hibernating,Bronze
6806273595436463792,255,1,70.0,4,1,4,4.01.04.0,9,Hibernating,Silver
12952903101955711600,109,1,54.0,4,1,2,4.01.02.0,7,Hibernating,Bronze
7739598165010456028,109,1,69.0,4,1,3,4.01.03.0,8,Hibernating,Silver
2637690661344095286,109,1,49.0,4,1,1,4.01.01.0,6,Hibernating,Bronze
10071167402717336184,109,1,69.0,4,1,3,4.01.03.0,8,Hibernating,Silver
2901874273597116366,109,1,69.0,4,1,3,4.01.03.0,8,Hibernating,Silver
18319881010735930162,109,1,49.0,4,1,1,4.01.01.0,6,Hibernating,Bronze
1678807525906440012,109,1,49.0,4,1,1,4.01.01.0,6,Hibernating,Bronze
5617204311399453664,109,1,49.0,4,1,1,4.01.01.0,6,Hibernating,Bronze
599945929517001281,109,2,98.0,4,4,4,4.04.04.0,12,Champions,Platinum
15764789373437218951,108,1,49.0,4,1,1,4.01.01.0,6,Hibernating,Bronze
13440682525168357654,108,1,69.0,4,1,3,4.01.03.0,8,Hibernating,Silver
16550416984206747178,108,1,49.0,4,1,1,4.01.01.0,6,Hibernating,Bronze
15710252740165764143,108,1,49.0,4,1,1,4.01.01.0,6,Hibernating,Bronze
7076377928081363511,107,1,49.0,4,1,1,4.01.01.0,6,Hibernating,Bronze
5777600539934686021,108,1,64.0,4,1,3,4.01.03.0,8,Hibernating,Silver
16710472497590397626,108,1,138.0,4,1,4,4.01.04.0,9,Hibernating,Silver
9333760585066895614,91,1,49.0,3,1,1,3.01.01.0,5,Promising,Green
7737580600041838252,108,1,49.0,4,1,1,4.01.01.0,6,Hibernating,Bronze
4718385086982688148,108,1,49.0,4,1,1,4.01.01.0,6,Hibernating,Bronze
3669027948667611105,108,1,54.0,4,1,2,4.01.02.0,7,Hibernating,Bronze
5524808231072364656,108,1,49.0,4,1,1,4.01.01.0,6,Hibernating,Bronze
7505236747054342193,108,1,49.0,4,1,1,4.01.01.0,6,Hibernating,Bronze
3244489059089608734,108,1,49.0,4,1,1,4.01.01.0,6,Hibernating,Bronze
1936113045064918835,108,2,93.0,4,4,4,4.04.04.0,12,Champions,Platinum
16225810142955693841,108,1,49.0,4,1,1,4.01.01.0,6,Hibernating,Bronze
6783543808683618937,220,1,69.0,4,1,3,4.01.03.0,8,Hibernating,Silver
13530919440366925207,108,1,49.0,4,1,1,4.01.01.0,6,Hibernating,Bronze
1349399310015117872,108,1,49.0,4,1,1,4.01.01.0,6,Hibernating,Bronze
7769300903588724242,108,1,49.0,4,1,1,4.01.01.0,6,Hibernating,Bronze
9891385365006489793,106,1,49.0,4,1,1,4.01.01.0,6,Hibernating,Bronze
10722338324631240634,107,2,98.0,4,4,4,4.04.04.0,12,Champions,Platinum
10376365255548979214,107,1,49.0,4,1,1,4.01.01.0,6,Hibernating,Bronze
8690683731629158161,107,1,49.0,4,1,1,4.01.01.0,6,Hibernating,Bronze
6714572530271251974,107,1,49.0,4,1,1,4.01.01.0,6,Hibernating,Bronze
11266564321556403715,107,1,49.0,4,1,1,4.01.01.0,6,Hibernating,Bronze
15652364985486028937,107,1,49.0,4,1,1,4.01.01.0,6,Hibernating,Bronze
790902110256541642,106,1,49.0,4,1,1,4.01.01.0,6,Hibernating,Bronze
16170815562692211356,106,1,74.0,4,1,4,4.01.04.0,9,Hibernating,Silver
9840281040177787855,106,1,49.0,4,1,1,4.01.01.0,6,Hibernating,Bronze
14390634449409424779,106,1,49.0,4,1,1,4.01.01.0,6,Hibernating,Bronze
14834539340348521475,106,1,49.0,4,1,1,4.01.01.0,6,Hibernating,Bronze
10560109335466986350,244,2,120.0,4,4,4,4.04.04.0,12,Champions,Platinum
7314440973269122349,106,1,69.0,4,1,3,4.01.03.0,8,Hibernating,Silver
4994094985956365790,106,1,49.0,4,1,1,4.01.01.0,6,Hibernating,Bronze
823861523782236875,106,1,49.0,4,1,1,4.01.01.0,6,Hibernating,Bronze
14317201545178473702,106,1,49.0,4,1,1,4.01.01.0,6,Hibernating,Bronze
13292708216477541300,106,1,49.0,4,1,1,4.01.01.0,6,Hibernating,Bronze
15736847058994349970,106,1,49.0,4,1,1,4.01.01.0,6,Hibernating,Bronze
1939523713664420465,106,1,49.0,4,1,1,4.01.01.0,6,Hibernating,Bronze
2429394718689019944,106,1,49.0,4,1,1,4.01.01.0,6,Hibernating,Bronze
4969573221509807966,104,1,49.0,3,1,1,3.01.01.0,5,Promising,Green
3266076699003866850,106,1,49.0,4,1,1,4.01.01.0,6,Hibernating,Bronze
5276874719866568422,106,2,98.0,4,4,4,4.04.04.0,12,Champions,Platinum
16679490978729837737,104,1,49.0,3,1,1,3.01.01.0,5,Promising,Green
13673759567925948070,94,1,59.2,3,1,3,3.01.03.0,7,Promising,Bronze
13864130319185089496,105,1,49.0,4,1,1,4.01.01.0,6,Hibernating,Bronze
11397798360519555361,104,1,49.0,3,1,1,3.01.01.0,5,Promising,Green
77165076798665093,246,1,60.0,4,1,3,4.01.03.0,8,Hibernating,Silver
17381243233506217654,105,1,49.0,4,1,1,4.01.01.0,6,Hibernating,Bronze
1110416674311949209,105,2,98.0,4,4,4,4.04.04.0,12,Champions,Platinum
7675223096388236709,105,1,49.0,4,1,1,4.01.01.0,6,Hibernating,Bronze
1314503752992007588,105,1,49.0,4,1,1,4.01.01.0,6,Hibernating,Bronze
7487091606124636363,105,1,118.0,4,1,4,4.01.04.0,9,Hibernating,Silver
9030326349396307073,104,1,49.0,3,1,1,3.01.01.0,5,Promising,Green
3117802217169438024,105,1,49.0,4,1,1,4.01.01.0,6,Hibernating,Bronze
13883411180810797937,86,4,364.0,3,4,4,3.04.04.0,11,Loyal customers,Platinum
14714824792989382846,247,5,300.0,4,4,4,4.04.04.0,12,Champions,Platinum
8968933529926592449,105,1,49.0,4,1,1,4.01.01.0,6,Hibernating,Bronze
1739556638369264318,105,1,49.0,4,1,1,4.01.01.0,6,Hibernating,Bronze
18133111029426429887,105,1,54.0,4,1,2,4.01.02.0,7,Hibernating,Bronze
11206151866274523154,105,1,49.0,4,1,1,4.01.01.0,6,Hibernating,Bronze
13856883412831371180,105,1,49.0,4,1,1,4.01.01.0,6,Hibernating,Bronze
16852391923051695261,105,1,49.0,4,1,1,4.01.01.0,6,Hibernating,Bronze
16538566209486910978,105,1,49.0,4,1,1,4.01.01.0,6,Hibernating,Bronze
14746644730170420670,104,1,49.0,3,1,1,3.01.01.0,5,Promising,Green
9959134035389192524,17,2,69.0,1,4,3,1.04.03.0,8,Can't loose them,Silver
4989540645374559462,247,1,60.0,4,1,3,4.01.03.0,8,Hibernating,Silver
17977755611068223666,104,1,49.0,3,1,1,3.01.01.0,5,Promising,Green
17918654077526925896,104,1,49.0,3,1,1,3.01.01.0,5,Promising,Green
1591747817265433396,104,1,49.0,3,1,1,3.01.01.0,5,Promising,Green
1465308765547112315,104,1,49.0,3,1,1,3.01.01.0,5,Promising,Green
14858190843044359638,104,1,49.0,3,1,1,3.01.01.0,5,Promising,Green
6704978837864949832,101,1,69.0,3,1,3,3.01.03.0,7,Promising,Bronze
18427882829529028966,104,1,49.0,3,1,1,3.01.01.0,5,Promising,Green
11166113645886241936,104,1,118.0,3,1,4,3.01.04.0,8,Promising,Silver
10386428953175814359,104,2,98.0,3,4,4,3.04.04.0,11,Loyal customers,Platinum
4236239615766840356,72,2,228.0,2,4,4,2.04.04.0,10,Can't loose them,Gold
15889704747544951953,104,1,69.0,3,1,3,3.01.03.0,7,Promising,Bronze
11171683418564358574,104,1,49.0,3,1,1,3.01.01.0,5,Promising,Green
6992837365538806448,104,1,49.0,3,1,1,3.01.01.0,5,Promising,Green
8014214950772365338,104,1,69.0,3,1,3,3.01.03.0,7,Promising,Bronze
15155929854782876155,104,1,49.0,3,1,1,3.01.01.0,5,Promising,Green
12382711372997214121,104,1,49.0,3,1,1,3.01.01.0,5,Promising,Green
759565765988748648,104,1,49.0,3,1,1,3.01.01.0,5,Promising,Green
17378988492670330704,104,1,49.0,3,1,1,3.01.01.0,5,Promising,Green
15198286665098111653,104,1,128.0,3,1,4,3.01.04.0,8,Promising,Silver
1957126022671206049,246,1,65.0,4,1,3,4.01.03.0,8,Hibernating,Silver
9722255980477454525,104,1,49.0,3,1,1,3.01.01.0,5,Promising,Green
109394058139215539,104,1,49.0,3,1,1,3.01.01.0,5,Promising,Green
15143633988380900434,104,1,49.0,3,1,1,3.01.01.0,5,Promising,Green
2507807805439863616,103,2,98.0,3,4,4,3.04.04.0,11,Loyal customers,Platinum
2423431802999697768,103,1,54.0,3,1,2,3.01.02.0,6,Promising,Bronze
5291323444826870404,101,1,49.0,3,1,1,3.01.01.0,5,Promising,Green
6969933563780070675,103,1,49.0,3,1,1,3.01.01.0,5,Promising,Green
16359162444117615892,103,1,59.0,3,1,2,3.01.02.0,6,Promising,Bronze
15408419167463547256,193,2,125.0,4,4,4,4.04.04.0,12,Champions,Platinum
5913110273947478377,103,1,49.0,3,1,1,3.01.01.0,5,Promising,Green
14278518086189485995,103,1,69.0,3,1,3,3.01.03.0,7,Promising,Bronze
16816137260132751647,103,1,49.0,3,1,1,3.01.01.0,5,Promising,Green
8410705790359268513,103,1,49.0,3,1,1,3.01.01.0,5,Promising,Green
11469151812629920620,103,1,49.0,3,1,1,3.01.01.0,5,Promising,Green
17450406169824500948,103,1,49.0,3,1,1,3.01.01.0,5,Promising,Green
17428667010756302347,103,1,49.0,3,1,1,3.01.01.0,5,Promising,Green
4171939665516272071,103,1,49.0,3,1,1,3.01.01.0,5,Promising,Green
977316151492375970,103,1,49.0,3,1,1,3.01.01.0,5,Promising,Green
7505499345770421210,103,1,49.0,3,1,1,3.01.01.0,5,Promising,Green
15062267989252493637,247,1,60.0,4,1,3,4.01.03.0,8,Hibernating,Silver
13653896062232465897,103,1,49.0,3,1,1,3.01.01.0,5,Promising,Green
5091000466535807782,103,1,49.0,3,1,1,3.01.01.0,5,Promising,Green
1850395207388002279,103,1,49.0,3,1,1,3.01.01.0,5,Promising,Green
5909619991145380013,103,1,69.0,3,1,3,3.01.03.0,7,Promising,Bronze
8611030899048598317,103,1,49.0,3,1,1,3.01.01.0,5,Promising,Green
16295092126612943122,103,1,69.0,3,1,3,3.01.03.0,7,Promising,Bronze
14881533260938485841,103,1,49.0,3,1,1,3.01.01.0,5,Promising,Green
14071395856905761747,102,1,49.0,3,1,1,3.01.01.0,5,Promising,Green
14329937047341298411,247,1,60.0,4,1,3,4.01.03.0,8,Hibernating,Silver
8756079013415726767,102,1,49.0,3,1,1,3.01.01.0,5,Promising,Green
668458346486004559,102,1,49.0,3,1,1,3.01.01.0,5,Promising,Green
16387181107219551804,102,1,69.0,3,1,3,3.01.03.0,7,Promising,Bronze
13215139147960531307,102,1,49.0,3,1,1,3.01.01.0,5,Promising,Green
9401012618591247566,17,2,74.0,1,4,4,1.04.04.0,9,Can't loose them,Silver
2140125688945876052,247,1,60.0,4,1,3,4.01.03.0,8,Hibernating,Silver
13141938241209651610,102,1,49.0,3,1,1,3.01.01.0,5,Promising,Green
8878788533104486786,102,1,49.0,3,1,1,3.01.01.0,5,Promising,Green
9873056736077132528,102,1,49.0,3,1,1,3.01.01.0,5,Promising,Green
4863172762293695980,102,1,49.0,3,1,1,3.01.01.0,5,Promising,Green
2862739484655928504,102,1,138.0,3,1,4,3.01.04.0,8,Promising,Silver
3631494381530878700,102,1,49.0,3,1,1,3.01.01.0,5,Promising,Green
9334734547142713826,56,2,98.0,1,4,4,1.04.04.0,9,Can't loose them,Silver
13686876832956630187,102,1,49.0,3,1,1,3.01.01.0,5,Promising,Green
15769819912383571284,102,1,49.0,3,1,1,3.01.01.0,5,Promising,Green
6087754549223413762,102,1,49.0,3,1,1,3.01.01.0,5,Promising,Green
18042981447064544312,213,2,114.0,4,4,4,4.04.04.0,12,Champions,Platinum
1643243273769071577,102,1,49.0,3,1,1,3.01.01.0,5,Promising,Green
11087025162956700613,102,1,49.0,3,1,1,3.01.01.0,5,Promising,Green
9842136988960904061,101,1,49.0,3,1,1,3.01.01.0,5,Promising,Green
2050381229181620065,102,1,49.0,3,1,1,3.01.01.0,5,Promising,Green
251187392743916603,102,1,49.0,3,1,1,3.01.01.0,5,Promising,Green
1217061518906409103,102,1,49.0,3,1,1,3.01.01.0,5,Promising,Green
4622176259706096935,102,1,49.0,3,1,1,3.01.01.0,5,Promising,Green
17450350423343270860,101,1,69.0,3,1,3,3.01.03.0,7,Promising,Bronze
7573350368268661209,101,1,49.0,3,1,1,3.01.01.0,5,Promising,Green
10245353051967208894,247,3,180.0,4,4,4,4.04.04.0,12,Champions,Platinum
4889083356903761030,101,1,49.0,3,1,1,3.01.01.0,5,Promising,Green
1886090645216329915,101,1,49.0,3,1,1,3.01.01.0,5,Promising,Green
8420210422840887892,101,1,49.0,3,1,1,3.01.01.0,5,Promising,Green
3504053185279015963,101,1,138.0,3,1,4,3.01.04.0,8,Promising,Silver
17986969153558054277,101,1,49.0,3,1,1,3.01.01.0,5,Promising,Green
15138934484270425298,101,1,49.0,3,1,1,3.01.01.0,5,Promising,Green
14243813848876069458,101,1,118.0,3,1,4,3.01.04.0,8,Promising,Silver
4913794347851036607,101,1,49.0,3,1,1,3.01.01.0,5,Promising,Green
13110643868338809132,101,1,49.0,3,1,1,3.01.01.0,5,Promising,Green
18073607102117757295,101,1,49.0,3,1,1,3.01.01.0,5,Promising,Green
14771276518670271741,101,1,49.0,3,1,1,3.01.01.0,5,Promising,Green
15314310368332381255,101,1,49.0,3,1,1,3.01.01.0,5,Promising,Green
6435594002457104457,101,1,49.0,3,1,1,3.01.01.0,5,Promising,Green
16383882554811818701,101,1,49.0,3,1,1,3.01.01.0,5,Promising,Green
10109949942808998130,101,1,49.0,3,1,1,3.01.01.0,5,Promising,Green
1041447644565396239,101,1,49.0,3,1,1,3.01.01.0,5,Promising,Green
15015721060373511389,247,1,70.0,4,1,4,4.01.04.0,9,Hibernating,Silver
2181630881034022402,101,1,49.0,3,1,1,3.01.01.0,5,Promising,Green
1263327000232795359,101,1,49.0,3,1,1,3.01.01.0,5,Promising,Green
3470966152015932625,101,1,49.0,3,1,1,3.01.01.0,5,Promising,Green
11451406136847365481,100,1,49.0,3,1,1,3.01.01.0,5,Promising,Green
16115192944743085442,100,1,49.0,3,1,1,3.01.01.0,5,Promising,Green
9596574181285624559,100,1,49.0,3,1,1,3.01.01.0,5,Promising,Green
14990898677005639404,100,1,69.0,3,1,3,3.01.03.0,7,Promising,Bronze
6367434064100945982,100,1,49.0,3,1,1,3.01.01.0,5,Promising,Green
3610229798173447380,247,1,60.0,4,1,3,4.01.03.0,8,Hibernating,Silver
8208671783242738081,100,1,69.0,3,1,3,3.01.03.0,7,Promising,Bronze
6163701836428954624,100,1,49.0,3,1,1,3.01.01.0,5,Promising,Green
13891139731716716654,100,1,69.0,3,1,3,3.01.03.0,7,Promising,Bronze
785663288407378138,100,1,49.0,3,1,1,3.01.01.0,5,Promising,Green
15662666287636143350,100,1,69.0,3,1,3,3.01.03.0,7,Promising,Bronze
6918844632256673091,100,1,138.0,3,1,4,3.01.04.0,8,Promising,Silver
16184076028850438167,100,1,69.0,3,1,3,3.01.03.0,7,Promising,Bronze
2107820754914662347,100,1,69.0,3,1,3,3.01.03.0,7,Promising,Bronze
2006242965135505407,100,1,69.0,3,1,3,3.01.03.0,7,Promising,Bronze
381506895515943199,100,1,69.0,3,1,3,3.01.03.0,7,Promising,Bronze
15587694107935103106,247,1,60.0,4,1,3,4.01.03.0,8,Hibernating,Silver
14703274333357190789,99,1,69.0,3,1,3,3.01.03.0,7,Promising,Bronze
10293567129198705477,99,1,69.0,3,1,3,3.01.03.0,7,Promising,Bronze
6262267481827016271,99,1,69.0,3,1,3,3.01.03.0,7,Promising,Bronze
3300174262184453883,99,1,69.0,3,1,3,3.01.03.0,7,Promising,Bronze
1740597225088458822,99,1,138.0,3,1,4,3.01.04.0,8,Promising,Silver
18211641257369529676,99,1,138.0,3,1,4,3.01.04.0,8,Promising,Silver
9662630759291678911,99,1,49.0,3,1,1,3.01.01.0,5,Promising,Green
17725881965185640407,245,1,60.0,4,1,3,4.01.03.0,8,Hibernating,Silver
8623475949548791338,99,1,69.0,3,1,3,3.01.03.0,7,Promising,Bronze
14359686360663261161,98,1,69.0,3,1,3,3.01.03.0,7,Promising,Bronze
9701392669604947151,98,1,69.0,3,1,3,3.01.03.0,7,Promising,Bronze
12861918128856062674,98,1,138.0,3,1,4,3.01.04.0,8,Promising,Silver
7914721366674822221,98,1,79.0,3,1,4,3.01.04.0,8,Promising,Silver
8933993422303610253,97,1,69.0,3,1,3,3.01.03.0,7,Promising,Bronze
12423318167096741610,96,1,69.0,3,1,3,3.01.03.0,7,Promising,Bronze
9977727587578245117,96,1,69.0,3,1,3,3.01.03.0,7,Promising,Bronze
7462618437578621189,96,1,110.4,3,1,4,3.01.04.0,8,Promising,Silver
1263462756624200476,245,1,55.0,4,1,2,4.01.02.0,7,Hibernating,Bronze
4883743321413300500,96,1,138.0,3,1,4,3.01.04.0,8,Promising,Silver
7693902639289843214,96,1,69.0,3,1,3,3.01.03.0,7,Promising,Bronze
13558970732005376902,96,1,69.0,3,1,3,3.01.03.0,7,Promising,Bronze
10632396135994068494,96,1,55.2,3,1,2,3.01.02.0,6,Promising,Bronze
17389000993726955051,95,1,69.0,3,1,3,3.01.03.0,7,Promising,Bronze
16833428869949240392,95,1,138.0,3,1,4,3.01.04.0,8,Promising,Silver
3160970804707638701,95,1,138.0,3,1,4,3.01.04.0,8,Promising,Silver
5825514371688220310,95,1,69.0,3,1,3,3.01.03.0,7,Promising,Bronze
7338694588433881765,95,1,69.0,3,1,3,3.01.03.0,7,Promising,Bronze
17816396466836392200,94,1,69.0,3,1,3,3.01.03.0,7,Promising,Bronze
16312854855693278924,94,1,69.0,3,1,3,3.01.03.0,7,Promising,Bronze
16158221039399794917,94,1,69.0,3,1,3,3.01.03.0,7,Promising,Bronze
10400823824629920026,94,1,69.0,3,1,3,3.01.03.0,7,Promising,Bronze
17586745171748484229,94,1,138.0,3,1,4,3.01.04.0,8,Promising,Silver
14707574370069560099,245,1,60.0,4,1,3,4.01.03.0,8,Hibernating,Silver
6130842050957964526,94,1,69.0,3,1,3,3.01.03.0,7,Promising,Bronze
16669245960462825783,94,1,69.0,3,1,3,3.01.03.0,7,Promising,Bronze
9407928376795865201,94,1,69.0,3,1,3,3.01.03.0,7,Promising,Bronze
765581149819036914,93,1,69.0,3,1,3,3.01.03.0,7,Promising,Bronze
8811768042340730615,245,1,60.0,4,1,3,4.01.03.0,8,Hibernating,Silver
1312099876850513290,93,1,69.0,3,1,3,3.01.03.0,7,Promising,Bronze
11327670974154336772,93,1,69.0,3,1,3,3.01.03.0,7,Promising,Bronze
5207235439439741598,92,1,55.2,3,1,2,3.01.02.0,6,Promising,Bronze
17973863997046478931,93,1,69.0,3,1,3,3.01.03.0,7,Promising,Bronze
13360753611518573103,93,1,69.0,3,1,3,3.01.03.0,7,Promising,Bronze
4922063503900436026,93,1,69.0,3,1,3,3.01.03.0,7,Promising,Bronze
14077332110569009497,7,1,69.0,1,1,3,1.01.03.0,5,New customers,Green
4982692967561793775,92,1,69.0,3,1,3,3.01.03.0,7,Promising,Bronze
10539369398139480277,92,1,55.2,3,1,2,3.01.02.0,6,Promising,Bronze
2413157648923325116,92,1,69.0,3,1,3,3.01.03.0,7,Promising,Bronze
555658083836444544,92,1,69.0,3,1,3,3.01.03.0,7,Promising,Bronze
2897565363914212319,92,1,69.0,3,1,3,3.01.03.0,7,Promising,Bronze
10057687560773218213,92,1,69.0,3,1,3,3.01.03.0,7,Promising,Bronze
11964320983612743211,92,1,69.0,3,1,3,3.01.03.0,7,Promising,Bronze
14371226037478407997,92,1,69.0,3,1,3,3.01.03.0,7,Promising,Bronze
5186580248832880518,92,1,74.0,3,1,4,3.01.04.0,8,Promising,Silver
10258989081766170949,92,1,69.0,3,1,3,3.01.03.0,7,Promising,Bronze
12514889758654317546,92,1,55.2,3,1,2,3.01.02.0,6,Promising,Bronze
10349788685012391754,91,1,55.2,3,1,2,3.01.02.0,6,Promising,Bronze
1683007205085390403,91,1,69.0,3,1,3,3.01.03.0,7,Promising,Bronze
8320935387733222513,91,1,69.0,3,1,3,3.01.03.0,7,Promising,Bronze
1533462552931665800,91,1,74.0,3,1,4,3.01.04.0,8,Promising,Silver
9718865874729789791,91,1,55.2,3,1,2,3.01.02.0,6,Promising,Bronze
7829770019473997572,91,1,69.0,3,1,3,3.01.03.0,7,Promising,Bronze
18420158290492638746,91,2,148.0,3,4,4,3.04.04.0,11,Loyal customers,Platinum
8021592095679039585,91,1,55.2,3,1,2,3.01.02.0,6,Promising,Bronze
5334481795608635636,91,1,55.2,3,1,2,3.01.02.0,6,Promising,Bronze
2247140435030600081,91,1,69.0,3,1,3,3.01.03.0,7,Promising,Bronze
11524711761978768404,90,1,138.0,3,1,4,3.01.04.0,8,Promising,Silver
11402318071659629275,90,1,69.0,3,1,3,3.01.03.0,7,Promising,Bronze
8678165100123071716,244,1,70.0,4,1,4,4.01.04.0,9,Hibernating,Silver
11513374808797908060,90,1,69.0,3,1,3,3.01.03.0,7,Promising,Bronze
12411994165844782917,90,2,118.0,3,4,4,3.04.04.0,11,Loyal customers,Platinum
938543870581326283,90,1,69.0,3,1,3,3.01.03.0,7,Promising,Bronze
11912096490104462158,89,1,55.2,3,1,2,3.01.02.0,6,Promising,Bronze
3229484175493512242,89,1,69.0,3,1,3,3.01.03.0,7,Promising,Bronze
13247652167548972796,89,2,128.0,3,4,4,3.04.04.0,11,Loyal customers,Platinum
7872923490855149220,218,1,54.0,4,1,2,4.01.02.0,7,Hibernating,Bronze
8451027627065343657,89,1,69.0,3,1,3,3.01.03.0,7,Promising,Bronze
4162664826494130732,89,1,49.0,3,1,1,3.01.01.0,5,Promising,Green
100565222981809094,89,1,69.0,3,1,3,3.01.03.0,7,Promising,Bronze
14002203867047980830,89,1,69.0,3,1,3,3.01.03.0,7,Promising,Bronze
5488191045816312468,89,1,69.0,3,1,3,3.01.03.0,7,Promising,Bronze
16358975016241039534,88,1,49.0,3,1,1,3.01.01.0,5,Promising,Green
3455961240468860199,88,1,49.0,3,1,1,3.01.01.0,5,Promising,Green
1972468606601181182,88,2,98.0,3,4,4,3.04.04.0,11,Loyal customers,Platinum
17814455908980041009,244,2,114.0,4,4,4,4.04.04.0,12,Champions,Platinum
8568985422953598486,88,1,118.0,3,1,4,3.01.04.0,8,Promising,Silver
9621754727003727023,88,1,49.0,3,1,1,3.01.01.0,5,Promising,Green
13831120777254021752,88,1,54.0,3,1,2,3.01.02.0,6,Promising,Bronze
2757114658956612636,88,1,49.0,3,1,1,3.01.01.0,5,Promising,Green
11800192886857718834,88,1,49.0,3,1,1,3.01.01.0,5,Promising,Green
3944432250321398560,88,1,69.0,3,1,3,3.01.03.0,7,Promising,Bronze
16518496546752344939,88,1,49.0,3,1,1,3.01.01.0,5,Promising,Green
7476326949964819728,88,1,49.0,3,1,1,3.01.01.0,5,Promising,Green
794481920536599282,88,1,49.0,3,1,1,3.01.01.0,5,Promising,Green
10356329088418482461,244,1,70.0,4,1,4,4.01.04.0,9,Hibernating,Silver
3678262253725417930,87,1,49.0,3,1,1,3.01.01.0,5,Promising,Green
976794934332367623,88,1,49.0,3,1,1,3.01.01.0,5,Promising,Green
9354461320934686516,88,1,49.0,3,1,1,3.01.01.0,5,Promising,Green
18370670166304204291,88,1,49.0,3,1,1,3.01.01.0,5,Promising,Green
6332216212959803928,88,1,49.0,3,1,1,3.01.01.0,5,Promising,Green
3735669773510145943,87,1,49.0,3,1,1,3.01.01.0,5,Promising,Green
5299210746762465408,87,1,69.0,3,1,3,3.01.03.0,7,Promising,Bronze
3999428408655936316,244,1,70.0,4,1,4,4.01.04.0,9,Hibernating,Silver
417613933281280915,87,1,49.0,3,1,1,3.01.01.0,5,Promising,Green
10567727282115882803,87,1,49.0,3,1,1,3.01.01.0,5,Promising,Green
10611786151970600251,87,1,49.0,3,1,1,3.01.01.0,5,Promising,Green
11588900326858356843,87,1,49.0,3,1,1,3.01.01.0,5,Promising,Green
13506940505097428872,87,1,69.0,3,1,3,3.01.03.0,7,Promising,Bronze
15852160109561824492,243,1,70.0,4,1,4,4.01.04.0,9,Hibernating,Silver
4792918438295220036,86,1,49.0,3,1,1,3.01.01.0,5,Promising,Green
14752185083276289614,86,1,49.0,3,1,1,3.01.01.0,5,Promising,Green
6937786962508670830,86,2,98.0,3,4,4,3.04.04.0,11,Loyal customers,Platinum
2080880728242402119,86,1,49.0,3,1,1,3.01.01.0,5,Promising,Green
5099761056645931929,86,1,49.0,3,1,1,3.01.01.0,5,Promising,Green
9842088962976876206,86,1,49.0,3,1,1,3.01.01.0,5,Promising,Green
14521944007707823914,86,1,49.0,3,1,1,3.01.01.0,5,Promising,Green
17574097606646556720,86,1,49.0,3,1,1,3.01.01.0,5,Promising,Green
12205200150665241959,86,1,49.0,3,1,1,3.01.01.0,5,Promising,Green
437849948654448585,86,1,49.0,3,1,1,3.01.01.0,5,Promising,Green
5330256438400674428,86,1,49.0,3,1,1,3.01.01.0,5,Promising,Green
15517142703410949244,86,1,49.0,3,1,1,3.01.01.0,5,Promising,Green
11000934740923490603,85,1,118.0,3,1,4,3.01.04.0,8,Promising,Silver
17967501393012131246,85,1,49.0,3,1,1,3.01.01.0,5,Promising,Green
13430422317438323376,243,1,60.0,4,1,3,4.01.03.0,8,Hibernating,Silver
7815661559519192389,85,1,54.0,3,1,2,3.01.02.0,6,Promising,Bronze
13570441744061258300,85,1,49.0,3,1,1,3.01.01.0,5,Promising,Green
18267763431637709012,85,1,49.0,3,1,1,3.01.01.0,5,Promising,Green
10647122677976903493,242,1,60.0,4,1,3,4.01.03.0,8,Hibernating,Silver
10047760154689235588,84,1,49.0,3,1,1,3.01.01.0,5,Promising,Green
13569200565386985429,84,1,49.0,3,1,1,3.01.01.0,5,Promising,Green
7704037922624821185,84,1,138.0,3,1,4,3.01.04.0,8,Promising,Silver
9731575115493786738,80,1,49.0,2,1,1,2.01.01.0,4,New customers,Green
6310721283950531059,84,1,49.0,3,1,1,3.01.01.0,5,Promising,Green
5071231341451100362,84,1,49.0,3,1,1,3.01.01.0,5,Promising,Green
5336968298440750040,84,1,49.0,3,1,1,3.01.01.0,5,Promising,Green
4599637637290050254,84,1,49.0,3,1,1,3.01.01.0,5,Promising,Green
15468799418821235557,241,2,120.0,4,4,4,4.04.04.0,12,Champions,Platinum
10783764347714385217,84,1,49.0,3,1,1,3.01.01.0,5,Promising,Green
4250294751902877178,83,1,49.0,2,1,1,2.01.01.0,4,New customers,Green
9021441331529460101,83,1,49.0,2,1,1,2.01.01.0,4,New customers,Green
17940266612600785152,83,1,49.0,2,1,1,2.01.01.0,4,New customers,Green
14499381926895471656,83,1,49.0,2,1,1,2.01.01.0,4,New customers,Green
14957378096207489833,68,1,49.0,2,1,1,2.01.01.0,4,New customers,Green
18098418313729912852,241,1,60.0,4,1,3,4.01.03.0,8,Hibernating,Silver
10348767643492775636,83,1,69.0,2,1,3,2.01.03.0,6,New customers,Bronze
495922297651315685,83,1,49.0,2,1,1,2.01.01.0,4,New customers,Green
8468563091008937397,83,1,49.0,2,1,1,2.01.01.0,4,New customers,Green
3010822199998515849,83,2,138.0,2,4,4,2.04.04.0,10,Can't loose them,Gold
5662691426937047854,83,1,49.0,2,1,1,2.01.01.0,4,New customers,Green
8649217932112573666,83,1,49.0,2,1,1,2.01.01.0,4,New customers,Green
9030545815324487417,83,1,49.0,2,1,1,2.01.01.0,4,New customers,Green
6030998194691381395,83,1,49.0,2,1,1,2.01.01.0,4,New customers,Green
1949136994040948911,240,1,60.0,4,1,3,4.01.03.0,8,Hibernating,Silver
7044935769512797193,82,1,49.0,2,1,1,2.01.01.0,4,New customers,Green
8023359229573595292,82,1,69.0,2,1,3,2.01.03.0,6,New customers,Bronze
9464891367675282122,82,1,69.0,2,1,3,2.01.03.0,6,New customers,Bronze
13887031879198790180,82,1,49.0,2,1,1,2.01.01.0,4,New customers,Green
10977717002857170692,82,1,49.0,2,1,1,2.01.01.0,4,New customers,Green
8445717496758771718,82,2,98.0,2,4,4,2.04.04.0,10,Can't loose them,Gold
5637683407848066919,82,2,138.0,2,4,4,2.04.04.0,10,Can't loose them,Gold
8638563140432048104,82,1,138.0,2,1,4,2.01.04.0,7,New customers,Bronze
5688375981358791014,82,1,49.0,2,1,1,2.01.01.0,4,New customers,Green
5233364674452849879,240,1,60.0,4,1,3,4.01.03.0,8,Hibernating,Silver
11526160675351791484,82,1,118.0,2,1,4,2.01.04.0,7,New customers,Bronze
2534925674939260724,82,1,49.0,2,1,1,2.01.01.0,4,New customers,Green
15987462117491307014,82,1,59.0,2,1,2,2.01.02.0,5,New customers,Green
748541828170340259,82,1,49.0,2,1,1,2.01.01.0,4,New customers,Green
14183112980644514308,82,1,49.0,2,1,1,2.01.01.0,4,New customers,Green
1686442644506652149,82,1,49.0,2,1,1,2.01.01.0,4,New customers,Green
12708653091631031097,82,1,49.0,2,1,1,2.01.01.0,4,New customers,Green
11014389764316250984,82,1,49.0,2,1,1,2.01.01.0,4,New customers,Green
11093257690728262879,240,1,60.0,4,1,3,4.01.03.0,8,Hibernating,Silver
7092127649687130085,82,1,49.0,2,1,1,2.01.01.0,4,New customers,Green
3822061929353469714,82,1,49.0,2,1,1,2.01.01.0,4,New customers,Green
12373867897337065594,81,1,54.0,2,1,2,2.01.02.0,5,New customers,Green
1778862892176334969,81,1,49.0,2,1,1,2.01.01.0,4,New customers,Green
10467567022496882363,81,1,49.0,2,1,1,2.01.01.0,4,New customers,Green
2515804637209890077,81,1,49.0,2,1,1,2.01.01.0,4,New customers,Green
4662880754691437538,81,1,49.0,2,1,1,2.01.01.0,4,New customers,Green
17873434718739686801,81,1,49.0,2,1,1,2.01.01.0,4,New customers,Green
921778977421443652,81,1,49.0,2,1,1,2.01.01.0,4,New customers,Green
16814103877332713816,81,1,49.0,2,1,1,2.01.01.0,4,New customers,Green
206969105634143352,234,1,60.0,4,1,3,4.01.03.0,8,Hibernating,Silver
5659650485678012239,81,1,49.0,2,1,1,2.01.01.0,4,New customers,Green
9539783272691112154,81,1,49.0,2,1,1,2.01.01.0,4,New customers,Green
10449217344242762426,81,1,49.0,2,1,1,2.01.01.0,4,New customers,Green
14542616280022177775,81,1,49.0,2,1,1,2.01.01.0,4,New customers,Green
16425070438840030631,81,2,98.0,2,4,4,2.04.04.0,10,Can't loose them,Gold
15129086703992648431,81,1,49.0,2,1,1,2.01.01.0,4,New customers,Green
2680692146455607222,81,1,49.0,2,1,1,2.01.01.0,4,New customers,Green
1892075764146904939,81,1,49.0,2,1,1,2.01.01.0,4,New customers,Green
14905761166159027401,81,1,49.0,2,1,1,2.01.01.0,4,New customers,Green
557905884824500844,240,1,60.0,4,1,3,4.01.03.0,8,Hibernating,Silver
18101775651857120249,81,1,49.0,2,1,1,2.01.01.0,4,New customers,Green
18407308081436204384,80,1,49.0,2,1,1,2.01.01.0,4,New customers,Green
9887854644629961333,80,1,49.0,2,1,1,2.01.01.0,4,New customers,Green
7013451434426524440,80,1,49.0,2,1,1,2.01.01.0,4,New customers,Green
8369325400823020530,80,1,49.0,2,1,1,2.01.01.0,4,New customers,Green
16023073822122975997,80,1,59.0,2,1,2,2.01.02.0,5,New customers,Green
9816610467756559900,56,3,217.0,1,4,4,1.04.04.0,9,Can't loose them,Silver
1268177131486890217,80,1,49.0,2,1,1,2.01.01.0,4,New customers,Green
8637097743704404271,79,1,49.0,2,1,1,2.01.01.0,4,New customers,Green
12521437074689389969,237,1,55.0,4,1,2,4.01.02.0,7,Hibernating,Bronze
14939320560951242277,80,1,49.0,2,1,1,2.01.01.0,4,New customers,Green
13152469766551387249,80,1,69.0,2,1,3,2.01.03.0,6,New customers,Bronze
14682873762322090155,80,1,49.0,2,1,1,2.01.01.0,4,New customers,Green
530256697016641260,80,1,49.0,2,1,1,2.01.01.0,4,New customers,Green
11412688241948073134,79,1,49.0,2,1,1,2.01.01.0,4,New customers,Green
4182670637803953031,238,1,55.0,4,1,2,4.01.02.0,7,Hibernating,Bronze
13764741732317046379,79,1,49.0,2,1,1,2.01.01.0,4,New customers,Green
14801083974593719768,79,1,69.0,2,1,3,2.01.03.0,6,New customers,Bronze
10235663108748333631,79,1,49.0,2,1,1,2.01.01.0,4,New customers,Green
10880905057832556429,79,1,69.0,2,1,3,2.01.03.0,6,New customers,Bronze
3218578527581496435,78,2,98.0,2,4,4,2.04.04.0,10,Can't loose them,Gold
11870532604834391912,25,3,295.0,1,4,4,1.04.04.0,9,Can't loose them,Silver
15996661774276561558,79,1,74.0,2,1,4,2.01.04.0,7,New customers,Bronze
10144455069040751325,78,1,69.0,2,1,3,2.01.03.0,6,New customers,Bronze
4332666619589163953,78,1,69.0,2,1,3,2.01.03.0,6,New customers,Bronze
9031955324382794697,78,1,49.0,2,1,1,2.01.01.0,4,New customers,Green
16389426922706213660,78,1,49.0,2,1,1,2.01.01.0,4,New customers,Green
15876602238913107680,78,1,69.0,2,1,3,2.01.03.0,6,New customers,Bronze
16139432352333540583,78,1,69.0,2,1,3,2.01.03.0,6,New customers,Bronze
6770244114490834936,78,1,54.0,2,1,2,2.01.02.0,5,New customers,Green
8971831297080849449,55,2,98.0,1,4,4,1.04.04.0,9,Can't loose them,Silver
12265743529956260293,78,1,49.0,2,1,1,2.01.01.0,4,New customers,Green
3808612284218597267,236,1,60.0,4,1,3,4.01.03.0,8,Hibernating,Silver
168544623827897803,78,1,49.0,2,1,1,2.01.01.0,4,New customers,Green
8619656607372636609,78,1,49.0,2,1,1,2.01.01.0,4,New customers,Green
15540584007317966904,78,1,49.0,2,1,1,2.01.01.0,4,New customers,Green
16209218532238043049,78,1,49.0,2,1,1,2.01.01.0,4,New customers,Green
7356567963226688235,78,1,49.0,2,1,1,2.01.01.0,4,New customers,Green
7686119029413525162,78,1,54.0,2,1,2,2.01.02.0,5,New customers,Green
15588614788015998384,78,1,49.0,2,1,1,2.01.01.0,4,New customers,Green
8424002670103268616,78,1,49.0,2,1,1,2.01.01.0,4,New customers,Green
12715240063342444374,78,1,49.0,2,1,1,2.01.01.0,4,New customers,Green
9443953198690374447,78,1,69.0,2,1,3,2.01.03.0,6,New customers,Bronze
14136974800329558489,233,1,55.0,4,1,2,4.01.02.0,7,Hibernating,Bronze
11719389539775751119,78,1,49.0,2,1,1,2.01.01.0,4,New customers,Green
14115593382806106064,78,1,49.0,2,1,1,2.01.01.0,4,New customers,Green
12410575922566828083,78,1,118.0,2,1,4,2.01.04.0,7,New customers,Bronze
12832148124894229179,77,1,49.0,2,1,1,2.01.01.0,4,New customers,Green
78640705127925322,77,1,69.0,2,1,3,2.01.03.0,6,New customers,Bronze
8785009962303155390,77,1,49.0,2,1,1,2.01.01.0,4,New customers,Green
13829763030423195703,77,1,49.0,2,1,1,2.01.01.0,4,New customers,Green
9152219171184865885,77,1,49.0,2,1,1,2.01.01.0,4,New customers,Green
6141239781521511845,232,1,60.0,4,1,3,4.01.03.0,8,Hibernating,Silver
9002881441196956467,77,1,49.0,2,1,1,2.01.01.0,4,New customers,Green
2723295589121641308,77,1,49.0,2,1,1,2.01.01.0,4,New customers,Green
1779536364770803996,56,1,49.0,1,1,1,1.01.01.0,3,New customers,Green
16278191481076353693,56,2,103.0,1,4,4,1.04.04.0,9,Can't loose them,Silver
8791247573409229790,77,1,49.0,2,1,1,2.01.01.0,4,New customers,Green
2906413581282905361,77,1,49.0,2,1,1,2.01.01.0,4,New customers,Green
18376938161660149939,77,1,138.0,2,1,4,2.01.04.0,7,New customers,Bronze
12158826644895990813,0,4,251.0,1,4,4,1.04.04.0,9,Can't loose them,Silver
9241859351133970354,77,1,74.0,2,1,4,2.01.04.0,7,New customers,Bronze
6719897400227932307,1,4,276.0,1,4,4,1.04.04.0,9,Can't loose them,Silver
3210956307751536961,77,1,118.0,2,1,4,2.01.04.0,7,New customers,Bronze
11508364014279763800,77,1,49.0,2,1,1,2.01.01.0,4,New customers,Green
5484096121947377567,77,1,69.0,2,1,3,2.01.03.0,6,New customers,Bronze
5303401224495527567,77,1,69.0,2,1,3,2.01.03.0,6,New customers,Bronze
13527062991160909940,76,1,49.0,2,1,1,2.01.01.0,4,New customers,Green
4064361528081296032,59,1,59.0,1,1,2,1.01.02.0,4,New customers,Green
18308160567335506230,76,1,49.0,2,1,1,2.01.01.0,4,New customers,Green
13347940628899239527,76,1,79.0,2,1,4,2.01.04.0,7,New customers,Bronze
15638461826722808853,76,1,69.0,2,1,3,2.01.03.0,6,New customers,Bronze
6764347176431697754,76,1,49.0,2,1,1,2.01.01.0,4,New customers,Green
774629713250667000,76,1,49.0,2,1,1,2.01.01.0,4,New customers,Green
2083930840609958914,76,1,49.0,2,1,1,2.01.01.0,4,New customers,Green
1381570858736971518,76,1,49.0,2,1,1,2.01.01.0,4,New customers,Green
11485653625740925460,76,1,49.0,2,1,1,2.01.01.0,4,New customers,Green
12841795809892393423,75,1,69.0,2,1,3,2.01.03.0,6,New customers,Bronze
6190415694112623005,75,1,74.0,2,1,4,2.01.04.0,7,New customers,Bronze
10246856858225731886,225,2,123.95,4,4,4,4.04.04.0,12,Champions,Platinum
2318394229112471814,75,1,54.0,2,1,2,2.01.02.0,5,New customers,Green
3426684537457155649,75,1,49.0,2,1,1,2.01.01.0,4,New customers,Green
4395893907516657368,75,1,49.0,2,1,1,2.01.01.0,4,New customers,Green
7351749810326227266,75,1,49.0,2,1,1,2.01.01.0,4,New customers,Green
16523232688838209303,75,1,49.0,2,1,1,2.01.01.0,4,New customers,Green
17048930191985707776,75,1,98.0,2,1,4,2.01.04.0,7,New customers,Bronze
14008324301085392841,73,1,49.0,2,1,1,2.01.01.0,4,New customers,Green
9565312983030009196,75,1,49.0,2,1,1,2.01.01.0,4,New customers,Green
12368400222081478953,75,1,49.0,2,1,1,2.01.01.0,4,New customers,Green
2696660502616835356,75,1,98.0,2,1,4,2.01.04.0,7,New customers,Bronze
10010061831476627590,75,1,49.0,2,1,1,2.01.01.0,4,New customers,Green
14189466297994129607,75,1,54.0,2,1,2,2.01.02.0,5,New customers,Green
5141209517276802220,75,1,49.0,2,1,1,2.01.01.0,4,New customers,Green
259664664674006988,75,1,69.0,2,1,3,2.01.03.0,6,New customers,Bronze
14772683132146444637,75,1,98.0,2,1,4,2.01.04.0,7,New customers,Bronze
118288968640116846,75,1,69.0,2,1,3,2.01.03.0,6,New customers,Bronze
2117288415203590874,222,1,59.0,4,1,2,4.01.02.0,7,Hibernating,Bronze
3407873833145475851,75,1,49.0,2,1,1,2.01.01.0,4,New customers,Green
12150799287145991312,75,1,98.0,2,1,4,2.01.04.0,7,New customers,Bronze
10679687094341213737,75,1,59.0,2,1,2,2.01.02.0,5,New customers,Green
4699176249228695370,75,1,69.0,2,1,3,2.01.03.0,6,New customers,Bronze
8013129281806279420,75,1,49.0,2,1,1,2.01.01.0,4,New customers,Green
14420234406260153761,74,1,49.0,2,1,1,2.01.01.0,4,New customers,Green
7887956519408805785,74,1,54.0,2,1,2,2.01.02.0,5,New customers,Green
14653939460695199358,74,1,49.0,2,1,1,2.01.01.0,4,New customers,Green
2407631260344863448,221,1,54.0,4,1,2,4.01.02.0,7,Hibernating,Bronze
7793132220973664468,72,1,49.0,2,1,1,2.01.01.0,4,New customers,Green
16827991612527469530,74,1,54.0,2,1,2,2.01.02.0,5,New customers,Green
16287839248829613534,74,1,49.0,2,1,1,2.01.01.0,4,New customers,Green
7574527108746624252,74,1,49.0,2,1,1,2.01.01.0,4,New customers,Green
943854623907589384,74,2,98.0,2,4,4,2.04.04.0,10,Can't loose them,Gold
8573245914966710449,74,1,69.0,2,1,3,2.01.03.0,6,New customers,Bronze
2579813934026290619,73,1,49.0,2,1,1,2.01.01.0,4,New customers,Green
13394851505745516140,73,1,49.0,2,1,1,2.01.01.0,4,New customers,Green
5094420626618962167,73,1,49.0,2,1,1,2.01.01.0,4,New customers,Green
2598732136082716698,73,1,69.0,2,1,3,2.01.03.0,6,New customers,Bronze
4043040840710217386,73,1,49.0,2,1,1,2.01.01.0,4,New customers,Green
9883491235021173203,73,1,49.0,2,1,1,2.01.01.0,4,New customers,Green
12420419988697937451,73,1,49.0,2,1,1,2.01.01.0,4,New customers,Green
17841564621532264465,73,1,49.0,2,1,1,2.01.01.0,4,New customers,Green
6279738906185503810,219,1,54.0,4,1,2,4.01.02.0,7,Hibernating,Bronze
1543852964382658010,73,1,49.0,2,1,1,2.01.01.0,4,New customers,Green
12773536122697132634,73,1,49.0,2,1,1,2.01.01.0,4,New customers,Green
15551303797767662259,73,1,49.0,2,1,1,2.01.01.0,4,New customers,Green
9478052135522237492,73,1,98.0,2,1,4,2.01.04.0,7,New customers,Bronze
1933951371332009424,73,1,118.0,2,1,4,2.01.04.0,7,New customers,Bronze
8899394599472681594,73,1,69.0,2,1,3,2.01.03.0,6,New customers,Bronze
9583807069345660686,73,1,49.0,2,1,1,2.01.01.0,4,New customers,Green
249823709543661839,72,1,74.0,2,1,4,2.01.04.0,7,New customers,Bronze
15825267318528327447,219,1,54.0,4,1,2,4.01.02.0,7,Hibernating,Bronze
13456701448594230895,72,1,49.0,2,1,1,2.01.01.0,4,New customers,Green
13336494888398535630,72,1,49.0,2,1,1,2.01.01.0,4,New customers,Green
7515684243299308806,72,2,98.0,2,4,4,2.04.04.0,10,Can't loose them,Gold
13835910404817630426,72,1,49.0,2,1,1,2.01.01.0,4,New customers,Green
12810598585177484380,72,1,118.0,2,1,4,2.01.04.0,7,New customers,Bronze
15170475597245297857,72,1,49.0,2,1,1,2.01.01.0,4,New customers,Green
7211546374241515435,72,1,49.0,2,1,1,2.01.01.0,4,New customers,Green
13933873768050776765,72,1,49.0,2,1,1,2.01.01.0,4,New customers,Green
10865192579328286149,219,1,69.0,4,1,3,4.01.03.0,8,Hibernating,Silver
12389140477539815498,72,1,49.0,2,1,1,2.01.01.0,4,New customers,Green
11448359147212185584,72,1,54.0,2,1,2,2.01.02.0,5,New customers,Green
1380930593138490988,72,1,98.0,2,1,4,2.01.04.0,7,New customers,Bronze
841524327698740979,72,1,49.0,2,1,1,2.01.01.0,4,New customers,Green
4137028771561623612,72,2,98.0,2,4,4,2.04.04.0,10,Can't loose them,Gold
16659267984240367819,65,1,98.0,2,1,4,2.01.04.0,7,New customers,Bronze
1349281443688950703,72,1,49.0,2,1,1,2.01.01.0,4,New customers,Green
11708976202825534347,218,1,54.0,4,1,2,4.01.02.0,7,Hibernating,Bronze
10185667605653348148,72,1,49.0,2,1,1,2.01.01.0,4,New customers,Green
6306849483394938073,72,1,98.0,2,1,4,2.01.04.0,7,New customers,Bronze
18139639685611768723,72,1,69.0,2,1,3,2.01.03.0,6,New customers,Bronze
7185019314276310123,72,1,49.0,2,1,1,2.01.01.0,4,New customers,Green
3791039045029860767,71,1,49.0,2,1,1,2.01.01.0,4,New customers,Green
16855058128627158388,71,1,69.0,2,1,3,2.01.03.0,6,New customers,Bronze
17482420833419668499,30,2,523.0,1,4,4,1.04.04.0,9,Can't loose them,Silver
2727988221176127764,71,1,138.0,2,1,4,2.01.04.0,7,New customers,Bronze
4529380368603085522,71,1,59.0,2,1,2,2.01.02.0,5,New customers,Green
17853517762263902290,218,1,54.0,4,1,2,4.01.02.0,7,Hibernating,Bronze
12604353168355924785,71,1,98.0,2,1,4,2.01.04.0,7,New customers,Bronze
12807947650172273312,71,1,98.0,2,1,4,2.01.04.0,7,New customers,Bronze
2201737743416803254,71,1,59.0,2,1,2,2.01.02.0,5,New customers,Green
15529962691973709313,55,2,157.0,1,4,4,1.04.04.0,9,Can't loose them,Silver
17757815534213513011,70,1,59.0,2,1,2,2.01.02.0,5,New customers,Green
7120322293640146361,218,1,54.0,4,1,2,4.01.02.0,7,Hibernating,Bronze
6873615301519821056,69,1,59.0,2,1,2,2.01.02.0,5,New customers,Green
13165336591922265996,69,1,118.0,2,1,4,2.01.04.0,7,New customers,Bronze
3945294765891482450,68,1,59.0,2,1,2,2.01.02.0,5,New customers,Green
7265711577810128793,69,1,79.0,2,1,4,2.01.04.0,7,New customers,Bronze
16661228529684283789,69,1,118.0,2,1,4,2.01.04.0,7,New customers,Bronze
8697861675335928297,69,1,118.0,2,1,4,2.01.04.0,7,New customers,Bronze
143826176443290150,69,1,79.0,2,1,4,2.01.04.0,7,New customers,Bronze
13865676262448263,217,1,54.0,4,1,2,4.01.02.0,7,Hibernating,Bronze
16560064687138181628,69,1,79.0,2,1,4,2.01.04.0,7,New customers,Bronze
16861795451476647689,69,1,69.0,2,1,3,2.01.03.0,6,New customers,Bronze
17558914436370881594,69,1,103.0,2,1,4,2.01.04.0,7,New customers,Bronze
15818628675353970097,69,1,118.0,2,1,4,2.01.04.0,7,New customers,Bronze
15596433320270243314,69,1,59.0,2,1,2,2.01.02.0,5,New customers,Green
10745335346141623550,68,1,118.0,2,1,4,2.01.04.0,7,New customers,Bronze
12810139319913515694,68,1,158.0,2,1,4,2.01.04.0,7,New customers,Bronze
8944933049425168404,68,1,69.0,2,1,3,2.01.03.0,6,New customers,Bronze
17174175164805060030,217,1,54.0,4,1,2,4.01.02.0,7,Hibernating,Bronze
10173444776432091953,68,1,108.0,2,1,4,2.01.04.0,7,New customers,Bronze
13285187176158404440,67,1,79.0,2,1,4,2.01.04.0,7,New customers,Bronze
2062826636957736578,67,1,79.0,2,1,4,2.01.04.0,7,New customers,Bronze
12976144141776893305,67,1,79.0,2,1,4,2.01.04.0,7,New customers,Bronze
3268560322686142709,67,1,79.0,2,1,4,2.01.04.0,7,New customers,Bronze
15074063836055875062,67,1,79.0,2,1,4,2.01.04.0,7,New customers,Bronze
5322434471778858021,61,2,108.0,1,4,4,1.04.04.0,9,Can't loose them,Silver
1046436051545085824,66,1,49.0,2,1,1,2.01.01.0,4,New customers,Green
