ID,Subscription,Refill,Interval,Price per interval,PaymentMethod,Products,Transactions,Revenue,DaysSinceLastOrder,SubscriptionLifetime,Active,SubscriptionLifetimeBin
2092329948149575290,1,0,3,5.0,ideal,Brush,1,54.0,217,217,0,High
12849545117712085541,1,0,2,10.0,ideal,Brush,1,98.0,66,66,0,Medium
8144808881881603173,1,0,2,5.0,ideal,Brush,1,69.0,66,66,0,Medium
14457143150027122736,1,0,3,10.0,ideal,Brush,1,98.0,66,66,0,Medium
9143720643862541019,1,0,3,10.0,ideal,Brush,1,98.0,66,66,0,Medium
10926515571155703347,1,0,2,5.0,ideal,Brush,1,49.0,66,66,0,Medium
7860386273841242005,1,0,3,10.0,ideal,Brush,2,147.0,66,66,0,Medium
6358434064837544706,1,0,3,10.0,paypal,Brush,1,98.0,66,66,0,Medium
11746536310016686914,1,0,3,5.0,creditcard,Brush,1,69.0,66,66,0,Medium
2804492718261522268,1,0,3,5.0,ideal,Brush,1,69.0,66,66,0,Medium
982014640712641027,1,0,2,5.0,ideal,Brush,1,59.0,66,66,0,Medium
16980505942545337569,0,0,3,5.0,ideal,Brush,1,59.0,66,66,1,Medium
3097298802046789202,1,0,3,5.0,ideal,Brush,1,59.0,66,66,0,Medium
18410470133223644928,1,0,3,5.0,ideal,Brush,1,59.0,65,65,0,Medium
3593312783142525313,1,0,3,5.0,ideal,Brush,1,59.0,65,65,0,Medium
10553858868509974456,0,0,2,5.0,ideal,Brush,1,49.0,65,65,1,Medium
6078612213743548301,1,0,2,5.0,ideal,Brush,1,59.0,65,65,0,Medium
7316888033561635806,1,0,3,5.0,ideal,Brush,3,146.0,21,65,0,Medium
11056742790466250765,1,0,2,5.0,ideal,Brush,1,59.0,65,65,0,Medium
13585700814757968933,1,0,3,5.0,ideal,Brush,1,54.0,216,216,0,High
16616716005059500499,1,0,2,10.0,ideal,Brush,1,98.0,65,65,0,Medium
2807551524959266884,1,0,3,5.0,ideal,Brush,1,59.0,65,65,0,Medium
15056058060736151856,1,0,3,5.0,ideal,Brush,1,59.0,65,65,0,Medium
3468240274629237542,1,0,2,10.0,ideal,Brush,1,98.0,65,65,0,Medium
980150487856794791,1,0,3,5.0,ideal,Brush,1,79.0,65,65,0,Medium
8900580137940178426,1,0,3,5.0,paypal,Brush,1,59.0,65,65,0,Medium
16705789012441344101,1,0,2,5.0,ideal,Brush,1,59.0,65,65,0,Medium
6930417139726957105,1,0,2,5.0,ideal,Heads,1,59.0,64,1,1,Low
9190685809429873146,1,0,3,10.0,ideal,Brush,1,59.0,216,216,0,High
11701194206321367400,1,0,3,5.0,ideal,Brush,1,59.0,64,64,0,Medium
10394669637098737025,1,0,2,5.0,ideal,Brush,1,49.0,64,64,0,Medium
989692162345027689,1,0,2,5.0,paypal,Brush,1,49.0,64,64,0,Medium
14302136601454209291,1,0,3,5.0,ideal,Brush,1,79.0,64,64,0,Medium
2785003033602210435,1,0,3,5.0,creditcard,Brush,1,59.0,64,64,0,Medium
8019391083294257373,1,0,3,5.0,ideal,Brush,1,59.0,64,64,0,Medium
14337157005436584057,1,0,2,5.0,ideal,Brush,1,49.0,64,64,0,Medium
878680081336990355,1,0,2,5.0,paypal,Brush,1,59.0,64,64,0,Medium
6008167547059224202,1,0,2,5.0,ideal,Brush,1,59.0,64,64,0,Medium
15355169878858886788,1,0,3,5.0,ideal,Brush,1,54.0,215,215,0,High
722200958363799690,1,0,3,5.0,paypal,Brush,1,59.0,64,64,0,Medium
15703099007693156798,1,0,2,10.0,ideal,Brush,2,177.0,11,64,0,Medium
10333552501388925456,1,0,2,5.0,ideal,Brush,1,69.0,64,64,0,Medium
231151586908095279,1,0,3,5.0,ideal,Brush,1,59.0,64,64,0,Medium
12377385007815017393,1,0,3,10.0,ideal,Brush,1,98.0,64,64,0,Medium
9261433223730903571,1,0,3,5.0,ideal,Brush,1,59.0,64,64,0,Medium
8304585558606337644,1,0,3,5.0,paypal,Heads,1,54.0,64,64,0,Medium
521309028692251414,1,0,2,5.0,ideal,Brush,1,59.0,64,64,0,Medium
8042277878521268360,1,0,3,5.0,ideal,Brush,1,59.0,64,64,0,Medium
3586815104147056644,1,0,3,10.0,ideal,Brush,1,54.0,215,215,0,High
13720583500974671082,1,0,3,5.0,ideal,Brush,1,59.0,64,64,0,Medium
9780086345972169304,1,0,3,5.0,ideal,Brush,1,59.0,64,64,0,Medium
12693925001627043110,1,0,2,5.0,ideal,Brush,1,49.0,63,63,0,Medium
6592455766511263161,1,0,3,5.0,paypal,Brush,1,59.0,63,63,0,Medium
16065771534883619984,1,0,3,10.0,paypal,Brush,1,98.0,63,63,0,Medium
2159116679220094625,1,0,2,5.0,paypal,Brush,1,69.0,63,63,0,Medium
9710370369204447007,1,0,3,5.0,ideal,Brush,1,54.0,215,215,0,High
10442890906728898104,1,0,3,10.0,ideal,Brush,1,98.0,63,63,0,Medium
11835223427816078796,1,0,3,5.0,ideal,Brush,1,49.0,63,63,0,Medium
1841553387978985424,1,0,3,5.0,ideal,Brush,1,59.0,63,63,0,Medium
18155312542746288267,1,0,3,10.0,ideal,Brush,1,118.0,63,63,0,Medium
17681061640471441222,1,0,2,5.0,ideal,Brush,1,59.0,63,63,0,Medium
13544868969870315057,1,0,3,5.0,paypal,Brush,1,69.0,61,61,0,Medium
6925041060827556222,1,0,3,5.0,ideal,Brush,1,59.0,63,63,0,Medium
2402966449759485368,1,0,3,10.0,ideal,Brush,1,98.0,63,63,0,Medium
8346844482079817240,1,0,3,10.0,ideal,Brush,1,98.0,63,63,0,Medium
7371741277100764155,1,0,3,5.0,ideal,Brush,1,49.0,63,63,0,Medium
1457276385959472897,1,0,3,5.0,ideal,Brush,1,59.0,63,63,0,Medium
3834546057186684847,1,0,2,5.0,ideal,Brush,1,59.0,63,63,0,Medium
14863565139455775742,1,0,3,10.0,paypal,Brush,1,118.0,63,63,0,Medium
15568317465749582675,1,0,3,5.0,ideal,Brush,1,79.0,63,63,0,Medium
2332741262122699313,0,0,3,10.0,paypal,Brush,1,118.0,63,63,1,Medium
18345079346259768335,1,0,3,5.0,ideal,Brush,1,69.0,63,63,0,Medium
878628228032607658,1,0,2,5.0,paypal,Brush,1,59.0,63,63,0,Medium
11147281675936296148,1,0,3,10.0,ideal,Brush,1,98.0,63,63,0,Medium
16392489912132223678,1,0,3,10.0,ideal,Brush,3,157.0,62,62,0,Medium
11512884158783936317,1,0,3,5.0,ideal,Brush,1,69.0,214,214,0,High
15603631728541996750,1,0,3,10.0,ideal,Brush,1,98.0,62,62,0,Medium
4125774662990549136,1,0,2,10.0,ideal,Brush,2,108.0,62,62,0,Medium
4324426463177775862,1,0,2,5.0,ideal,Brush,1,59.0,62,62,0,Medium
14531290821776903394,0,0,3,10.0,ideal,Brush,1,118.0,62,62,0,Medium
9125882766947149980,1,0,3,10.0,creditcard,Brush,1,98.0,62,62,0,Medium
9614952012776062092,0,0,3,5.0,ideal,Brush,1,59.0,62,62,1,Medium
5783237444950107479,1,0,2,5.0,ideal,Brush,1,49.0,62,62,0,Medium
1074352223448569226,1,0,3,10.0,paypal,Brush,1,118.0,62,62,0,Medium
5618273908092892137,1,0,3,10.0,ideal,Brush,1,54.0,213,213,0,High
8704005684756308428,1,0,2,5.0,paypal,Brush,1,59.0,61,61,0,Medium
4879608382076943991,1,0,3,5.0,ideal,Brush,1,59.0,61,61,0,Medium
15972818496181010393,1,0,3,5.0,ideal,Brush,1,49.0,61,61,0,Medium
5451908994867726456,1,0,3,5.0,paypal,Brush,1,49.0,61,61,0,Medium
5289044467183505736,1,0,2,5.0,ideal,Brush,1,59.0,61,61,0,Medium
18325563663669721105,1,0,2,10.0,ideal,Brush,1,118.0,61,61,0,Medium
11866012411734094281,1,0,2,5.0,ideal,Brush,1,59.0,61,61,0,Medium
13951764139698301267,1,0,2,10.0,creditcard,Brush,1,69.0,112,163,1,High
8774207353035754699,1,0,3,5.0,ideal,Brush,1,69.0,212,212,0,High
18269982434657298254,1,0,3,5.0,ideal,Brush,1,49.0,61,61,0,Medium
1459368236885273929,1,0,2,5.0,ideal,Brush,1,59.0,61,61,0,Medium
4785413489526169954,1,0,2,10.0,ideal,Brush,1,118.0,61,61,0,Medium
10863158811623863861,1,0,2,5.0,ideal,Brush,1,59.0,61,61,0,Medium
16713771256826565486,1,0,2,5.0,paypal,Brush,1,49.0,61,61,0,Medium
5133122818208974001,1,0,2,5.0,ideal,Brush,1,59.0,61,61,0,Medium
7055538257474694359,1,1,2,10.0,paypal,Brush,3,216.0,61,61,0,Medium
18258191009792835197,1,0,3,5.0,paypal,Brush,1,49.0,60,60,0,Low
13295181731352603830,1,0,3,10.0,ideal,Brush,1,98.0,60,60,0,Low
16366075667949985477,1,0,3,5.0,ideal,Brush,1,49.0,60,60,0,Low
14849124851562174317,1,0,3,10.0,ideal,Brush,1,98.0,60,60,0,Low
3163928879406411815,1,0,2,5.0,ideal,Brush,1,79.0,60,60,0,Low
5700183627448330193,1,0,3,5.0,ideal,Heads,1,79.0,60,60,0,Low
11387830789627417116,1,0,2,10.0,paypal,Brush,1,118.0,60,60,0,Low
3058791451689756806,1,0,2,5.0,paypal,Brush,1,59.0,60,60,0,Low
7209462318020999159,1,0,2,10.0,ideal,Brush,3,372.0,60,60,0,Low
12163597029443120557,1,0,3,5.0,ideal,Brush,1,49.0,60,60,0,Low
7508598467882006714,1,0,3,5.0,creditcard,Brush,1,59.0,60,60,0,Low
7766978622359540062,0,0,2,10.0,ideal,Brush,1,98.0,59,59,0,Low
4756726702013521053,1,0,3,5.0,ideal,Brush,1,79.0,59,59,0,Low
2328677938472998843,1,0,3,10.0,ideal,Brush,1,98.0,59,59,0,Low
10621263192391622467,1,0,3,5.0,ideal,Brush,1,49.0,59,59,0,Low
9124986713471753488,1,0,3,5.0,ideal,Brush,1,59.0,59,59,0,Low
9960362601556339041,1,0,2,5.0,ideal,Brush,1,29.0,59,59,0,Low
6635089301614044770,1,0,3,5.0,ideal,Brush,1,59.0,59,59,0,Low
85671678049119561,1,0,3,10.0,ideal,Brush,1,98.0,59,59,0,Low
5296275542687124291,1,0,3,5.0,ideal,Heads,1,84.0,59,59,0,Low
17729924925265845459,1,0,3,5.0,ideal,Brush,1,49.0,59,59,0,Low
6286137562483355822,1,0,2,10.0,ideal,Brush,1,98.0,59,59,0,Low
5057724302244753210,1,0,2,5.0,creditcard,Brush,1,79.0,59,59,0,Low
15769689520620085024,1,0,3,5.0,ideal,Brush,1,69.0,59,59,0,Low
15024820967816699258,1,0,2,5.0,ideal,Brush,1,59.0,59,59,0,Low
10910700024083239025,1,0,3,5.0,ideal,Brush,1,79.0,59,59,0,Low
5930558639921463248,1,0,2,5.0,ideal,Brush,1,59.0,58,58,0,Low
4802274902586195272,1,0,3,5.0,ideal,Brush,1,79.0,58,58,0,Low
9174588856996449749,1,0,2,5.0,ideal,Brush,1,59.0,58,58,0,Low
5683216913311147970,1,0,3,5.0,ideal,Brush,1,69.0,204,204,0,High
8480797611775627834,1,0,3,5.0,ideal,Brush,1,59.0,58,58,0,Low
4896423504644705771,1,0,2,10.0,ideal,Brush,1,118.0,58,58,0,Low
14033144248642689358,1,0,3,5.0,ideal,Brush,1,49.0,58,58,0,Low
15637702101113266468,1,0,2,5.0,ideal,Brush,1,59.0,58,58,0,Low
18162787999875888958,1,0,3,5.0,paypal,Brush,1,59.0,57,57,0,Low
10639402319874357116,1,0,2,5.0,ideal,Brush,1,59.0,57,57,0,Low
10456384439887744252,1,1,3,10.0,creditcard,Brush,2,246.0,118,204,1,High
15906403905354870147,1,0,2,5.0,ideal,Brush,1,49.0,57,57,0,Low
16929077899434675612,1,0,3,5.0,ideal,Brush,1,59.0,57,57,0,Low
18118967922206796849,1,0,2,5.0,ideal,Brush,1,49.0,57,57,0,Low
3150839040240949065,1,0,2,5.0,ideal,Brush,1,59.0,57,57,0,Low
14918891033534468840,1,0,2,5.0,paypal,Brush,1,49.0,57,57,0,Low
2458830312023663244,1,0,3,10.0,ideal,Brush,1,98.0,57,57,0,Low
11905271228717394509,1,0,3,10.0,ideal,Brush,1,98.0,57,57,0,Low
5029359627721537288,1,0,3,10.0,ideal,Brush,1,98.0,57,57,0,Low
10766486190644565627,1,0,3,10.0,ideal,Heads,1,126.4,203,203,0,High
2653014394352546759,1,0,3,5.0,creditcard,Brush,1,49.0,57,57,0,Low
8591568636177342933,1,0,2,10.0,paypal,Brush,1,98.0,56,56,0,Low
6501314715541072700,1,0,3,5.0,ideal,Brush,1,59.0,56,56,0,Low
17743578564437024909,1,0,3,10.0,ideal,Brush,1,98.0,56,56,0,Low
8917202816420675156,1,0,3,5.0,ideal,Brush,1,59.0,56,56,0,Low
11334844294317802452,1,0,2,5.0,ideal,Brush,1,59.0,56,56,0,Low
13928967918570104295,1,0,3,10.0,ideal,Brush,1,98.0,56,56,0,Low
2704614161085296884,1,0,2,5.0,ideal,Brush,1,59.0,56,56,0,Low
8979191925096565949,1,0,3,5.0,ideal,Brush,1,49.0,56,56,0,Low
8975697075005471577,1,0,2,5.0,ideal,Heads,1,64.0,56,56,0,Low
3672187788796826861,1,0,2,5.0,ideal,Brush,1,49.0,56,56,0,Low
6218193517893077298,1,0,3,10.0,ideal,Brush,1,98.0,56,56,0,Low
16569415978166880144,1,0,2,5.0,ideal,Brush,1,49.0,56,56,0,Low
15773398928988591897,1,0,3,5.0,ideal,Brush,1,49.0,56,56,0,Low
10279044116047004164,1,0,2,5.0,ideal,Brush,1,59.0,55,55,0,Low
4809216584215890216,1,0,3,5.0,ideal,Brush,1,59.0,55,55,0,Low
13863158415636044849,1,0,3,5.0,ideal,Brush,1,59.0,55,55,0,Low
1684784631515774593,1,0,3,5.0,ideal,Brush,1,59.0,55,55,0,Low
15560078650184302950,1,0,2,5.0,ideal,Brush,1,59.0,55,55,0,Low
18370797922126827446,1,0,3,5.0,creditcard,Brush,1,59.0,199,199,0,High
5137452452470791231,1,0,3,5.0,ideal,Brush,1,49.0,55,55,0,Low
6901273935708566400,1,0,3,5.0,ideal,Brush,1,59.0,55,55,0,Low
13648202054851762484,1,0,2,5.0,ideal,Brush,1,59.0,55,55,0,Low
15503922870704967080,1,0,2,5.0,ideal,Brush,1,59.0,55,55,0,Low
6834442129824853629,1,0,2,10.0,ideal,Brush,1,98.0,55,55,0,Low
6009166465316279877,1,0,2,5.0,ideal,Brush,1,49.0,55,55,0,Low
7739055077105344362,1,0,3,5.0,ideal,Brush,1,49.0,55,55,0,Low
1972882586939535225,1,0,3,10.0,ideal,Brush,1,98.0,54,54,0,Low
2899523397423327914,1,0,3,5.0,paypal,Brush,1,49.0,54,54,0,Low
16532752730068381004,1,0,3,5.0,ideal,Brush,1,69.0,198,198,0,High
10774735259801269876,1,0,2,10.0,ideal,Brush,1,118.0,54,54,0,Low
16035810709728169147,1,0,2,5.0,ideal,Brush,1,49.0,54,54,0,Low
15067582118593510069,1,0,3,5.0,ideal,Brush,1,59.0,54,54,0,Low
3872326130522189833,1,0,2,5.0,ideal,Brush,1,49.0,54,54,0,Low
4110210225234306405,1,0,2,5.0,ideal,Brush,1,69.0,54,54,0,Low
9070675748268220325,1,0,2,10.0,ideal,Brush,1,98.0,54,54,0,Low
13029425886323816467,1,0,3,5.0,ideal,Brush,1,49.0,54,54,0,Low
11384085483388807601,1,0,3,10.0,ideal,Brush,1,98.0,54,54,0,Low
12438799302063557588,1,0,3,5.0,ideal,Brush,1,49.0,54,54,0,Low
8040066018977288142,1,0,3,5.0,ideal,Brush,1,59.0,198,198,0,High
10443434056106297419,1,0,3,10.0,paypal,Brush,1,98.0,54,54,0,Low
13610349042606973789,1,0,3,5.0,ideal,Brush,1,49.0,54,54,0,Low
14096833431217098995,1,0,3,5.0,ideal,Brush,1,59.0,54,54,0,Low
1312519903901346913,1,0,3,5.0,creditcard,Brush,1,59.0,54,54,0,Low
14062075692560998967,1,0,2,5.0,ideal,Brush,1,49.0,54,54,0,Low
1506651584300194250,1,0,2,5.0,ideal,Brush,1,49.0,53,53,0,Low
2155342167026746998,1,0,3,10.0,ideal,Brush,1,98.0,53,53,0,Low
18349346770532788513,1,0,2,5.0,paypal,Brush,1,49.0,53,53,0,Low
17561577247977342840,1,0,3,5.0,creditcard,Brush,1,59.0,53,53,0,Low
2402839078013284266,1,0,3,5.0,ideal,Brush,1,49.0,109,109,0,Medium
17841362688186316626,1,0,2,10.0,paypal,Brush,1,98.0,53,53,0,Low
13309194299306156988,0,0,3,5.0,ideal,Brush,1,49.0,53,11,1,Low
11858890659276128339,1,0,3,10.0,ideal,Brush,1,98.0,53,53,0,Low
8379042264588664713,1,0,3,5.0,ideal,Brush,1,79.0,53,53,0,Low
5568676751896722023,1,0,2,5.0,paypal,Brush,1,59.0,53,53,0,Low
7368437151742494115,1,0,3,10.0,ideal,Brush,1,98.0,53,53,0,Low
9371251601850619670,1,0,2,5.0,ideal,Brush,1,49.0,53,53,0,Low
17140572550367222136,1,0,3,10.0,ideal,Brush,1,98.0,53,53,0,Low
14236258333430735468,1,0,2,5.0,ideal,Heads,1,54.0,53,53,0,Low
10386900069782016011,1,0,3,5.0,paypal,Brush,1,69.0,53,53,0,Low
15887352123592804924,1,0,2,10.0,ideal,Brush,1,108.0,52,52,0,Low
13960280924210967809,1,0,3,5.0,ideal,Brush,1,59.0,52,52,0,Low
4101637664239133974,1,0,3,5.0,ideal,Brush,1,59.0,52,52,0,Low
1808823298780244328,1,0,1,5.0,ideal,Brush,1,49.0,52,52,0,Low
7032844169297977556,1,0,2,5.0,ideal,Heads,1,64.0,52,52,0,Low
16174665789216178016,1,0,3,5.0,ideal,Brush,1,69.0,194,194,0,High
14407671440766930591,1,0,3,5.0,ideal,Brush,1,49.0,52,52,0,Low
2624556408510906087,1,0,3,10.0,ideal,Brush,1,98.0,52,52,0,Low
12054421348682337464,1,0,2,5.0,ideal,Brush,1,69.0,52,52,0,Low
2029580213395326872,1,0,3,10.0,ideal,Heads,3,285.0,52,52,0,Low
11002898412815716368,0,0,3,5.0,ideal,Brush,2,117.0,52,22,0,Low
10193405316930545794,1,0,3,10.0,creditcard,Brush,1,98.0,52,52,0,Low
13391731362315437266,1,0,3,5.0,ideal,Brush,1,69.0,193,193,0,High
17981503263208228451,1,0,3,5.0,ideal,Brush,1,69.0,51,51,0,Low
810202776421691101,1,0,3,10.0,ideal,Brush,1,118.0,51,51,0,Low
2564339644140808503,1,0,3,10.0,ideal,Brush,1,98.0,51,51,0,Low
7018199157763595857,1,0,3,10.0,ideal,Brush,1,118.0,51,51,0,Low
13677431220902472110,1,0,2,5.0,ideal,Brush,1,49.0,51,51,0,Low
8608198726757000045,0,0,3,5.0,creditcard,Brush,2,137.0,51,10,0,Low
4906896128881033798,1,0,2,5.0,ideal,Brush,1,49.0,51,51,0,Low
6103035405958221839,1,0,3,10.0,ideal,Brush,1,98.0,51,51,0,Low
6922668111384325641,1,0,3,5.0,ideal,Brush,1,49.0,51,51,0,Low
3998244343639197646,1,0,3,10.0,ideal,Brush,1,98.0,50,50,0,Low
5963538531242638003,1,0,3,5.0,ideal,Brush,1,59.0,192,192,0,High
1519761326792361061,1,0,2,5.0,ideal,Brush,1,118.0,50,50,0,Low
2056272861992592473,1,0,2,5.0,paypal,Brush,1,49.0,49,49,0,Low
13056067935717603059,1,0,2,5.0,creditcard,Brush,1,49.0,49,49,0,Low
2735521004298523837,1,0,2,5.0,creditcard,Brush,1,69.0,49,49,0,Low
16474070858165680654,1,0,3,5.0,paypal,Brush,1,49.0,49,49,0,Low
3706474753459817317,0,0,1,5.0,ideal,Brush,2,157.0,49,49,0,Low
9849980149181245552,0,0,3,5.0,ideal,Brush,2,117.0,49,49,0,Low
17957041230588250414,1,0,3,5.0,ideal,Brush,1,69.0,191,191,0,High
12963632021593421700,1,0,3,10.0,ideal,Brush,1,98.0,48,48,0,Low
17428483118006244726,1,0,3,10.0,creditcard,Brush,1,98.0,48,48,0,Low
16461806475252304234,1,0,3,5.0,ideal,Brush,1,49.0,48,48,0,Low
2165038621549459700,1,0,3,5.0,ideal,Brush,1,49.0,47,47,0,Low
15990470791971010281,1,0,2,5.0,ideal,Brush,1,69.0,47,47,0,Low
17723896415217101141,0,0,3,5.0,ideal,Brush,2,117.0,46,46,0,Low
10793629781774528053,1,0,3,5.0,ideal,Brush,1,138.0,174,174,1,High
1255903237647817472,1,0,3,10.0,ideal,Brush,1,98.0,45,45,0,Low
7723137051505036273,1,0,3,10.0,ideal,Brush,1,94.4,46,46,0,Low
17572090344167960091,1,0,3,10.0,ideal,Brush,1,98.0,46,46,0,Low
12202172225512505517,1,0,2,10.0,ideal,Brush,1,98.0,45,45,0,Low
11965070441590783534,1,0,2,10.0,ideal,Brush,1,98.0,44,44,0,Low
3406689365709847257,1,0,3,5.0,creditcard,Brush,1,49.0,190,190,1,High
14922920980167178260,1,0,2,5.0,ideal,Brush,1,49.0,43,43,0,Low
5722720880056999046,0,0,3,10.0,ideal,Brush,2,235.0,13,42,0,Low
8526869565999451628,0,0,3,5.0,ideal,Brush,2,157.0,13,39,0,Low
5600178104878883347,0,0,3,0.0,ideal,Brush,2,157.0,13,38,0,Low
718674511004757356,0,0,3,5.0,paypal,Brush,2,137.0,13,38,0,Low
4434956812438420660,0,0,3,5.0,ideal,Brush,2,137.0,13,34,0,Low
1557437071949166121,0,0,3,10.0,ideal,Brush,2,235.0,29,29,0,Low
1939663375685122745,0,0,3,5.0,ideal,Brush,2,157.0,28,28,0,Low
8621199154746222408,1,0,3,5.0,creditcard,Brush,1,69.0,189,189,0,High
14653591990872358247,0,0,3,5.0,paypal,Heads,2,39.0,24,24,0,Low
9483569822441528996,0,0,3,10.0,ideal,Brush,2,195.0,20,20,0,Low
16944412626082919276,0,0,3,5.0,creditcard,Brush,2,157.0,18,18,0,Low
16053356070658335968,0,0,3,10.0,ideal,Brush,2,235.0,17,17,0,Low
1671029242754895540,1,0,3,5.0,ideal,Brush,2,138.0,105,189,0,High
13359710454099028454,0,0,3,5.0,ideal,Cables,2,147.0,17,17,0,Low
16701699721131986918,0,0,3,10.0,ideal,Brush,1,118.0,10,10,0,Low
10378623886287810515,1,0,3,5.0,ideal,Brush,1,59.0,188,188,0,High
12423601842054485593,0,0,3,10.0,ideal,Brush,1,118.0,5,4,0,Low
14100862989395940130,0,0,3,5.0,ideal,Brush,1,79.0,4,4,0,Low
4469372485260068543,1,0,3,5.0,ideal,Brush,1,69.0,186,186,0,High
11625605783956937653,0,0,3,5.0,ideal,Brush,1,59.0,1,1,0,Low
4124585981353720554,0,0,3,5.0,ideal,Brush,1,59.0,1,1,0,Low
4973217745065955620,0,0,3,10.0,ideal,Brush,1,118.0,1,1,0,Low
14436873242887766938,1,0,3,5.0,ideal,Brush,1,69.0,180,180,0,High
1420701773615419302,1,0,3,5.0,ideal,Brush,1,69.0,180,180,1,High
8446839596138836410,1,0,3,10.0,ideal,Brush,1,69.0,178,178,0,High
8746450331732581181,1,0,3,5.0,ideal,Brush,1,69.0,172,172,0,High
6157670200324297113,1,0,3,5.0,creditcard,Brush,1,138.0,171,171,0,High
13515422300854964790,1,0,2,10.0,ideal,Brush,2,148.0,171,171,0,High
1337524337029399544,1,0,3,10.0,ideal,Brush,2,138.0,171,171,0,High
979133825851806261,1,0,3,5.0,ideal,Brush,1,69.0,170,170,1,High
5123133844921125658,1,0,3,5.0,creditcard,Brush,1,49.0,109,109,1,Medium
4670193569245257744,1,0,3,5.0,ideal,Brush,1,69.0,166,166,0,High
11882628909530393396,1,0,3,5.0,ideal,Brush,1,59.0,146,146,0,High
2394225225664363277,1,1,3,5.0,ideal,Brush,3,143.0,16,106,0,Medium
2150740933492316862,1,0,3,5.0,ideal,Brush,1,69.0,146,146,0,High
10365444317712986810,1,0,3,5.0,ideal,Brush,1,69.0,101,101,0,Medium
11704543757708028115,1,0,3,5.0,ideal,Brush,1,69.0,144,144,0,High
5847469403957991914,1,0,3,10.0,ideal,Heads,1,74.0,144,144,0,High
484575725261711141,1,0,3,5.0,creditcard,Brush,1,69.0,144,144,0,High
3428482725025915635,1,0,3,10.0,ideal,Brush,1,103.5,111,111,0,Medium
6829083348344911241,1,0,3,5.0,ideal,Brush,1,103.5,141,141,0,High
8536152304108383528,1,0,3,10.0,ideal,Brush,1,103.5,141,141,1,High
3489326972985452164,1,0,3,5.0,creditcard,Brush,1,103.5,140,140,0,High
12945644556679149605,1,0,3,10.0,creditcard,Brush,1,103.5,139,139,0,High
17290484756711714384,1,0,3,5.0,ideal,Brush,1,69.0,138,138,0,High
17350008559439635158,1,0,3,5.0,creditcard,Brush,1,69.0,137,137,0,High
13986044701924777021,1,0,2,5.0,creditcard,Brush,2,128.0,54,135,0,High
5038738213831185669,1,0,3,10.0,creditcard,Brush,1,138.0,132,132,0,High
15182362308817791892,1,0,3,5.0,ideal,Brush,1,69.0,131,131,0,High
3267332113269868963,1,0,3,5.0,ideal,Brush,1,69.0,130,130,0,High
7945247636797509776,1,0,3,5.0,ideal,Brush,1,69.0,130,130,0,High
3189227102932006095,1,0,3,5.0,creditcard,Brush,1,69.0,129,129,0,High
10289763121460702594,1,0,3,5.0,ideal,Cables,1,79.0,129,129,0,High
7946032916545257216,1,0,3,5.0,creditcard,Brush,1,69.0,128,128,0,High
10050811704932380274,1,0,3,10.0,ideal,Brush,1,13.8,127,127,0,High
5454566837223243518,1,0,3,5.0,ideal,Brush,1,69.0,126,126,0,High
9695821258099201519,1,0,3,5.0,ideal,Brush,1,69.0,126,126,0,High
15555201983752371835,0,0,3,5.0,ideal,Brush,1,138.0,125,125,0,High
14950466938553300992,1,0,3,5.0,ideal,Brush,1,69.0,124,124,0,High
8043172912252906472,1,0,3,5.0,ideal,Brush,1,69.0,123,123,0,High
10333420208090841124,1,0,3,5.0,ideal,Brush,1,69.0,123,123,0,High
10183936907500995023,1,0,3,5.0,creditcard,Brush,1,69.0,123,123,0,High
15390288080687265194,1,0,3,5.0,ideal,Brush,1,69.0,123,123,0,High
5698661840277868005,1,0,3,5.0,ideal,Brush,1,138.0,123,123,0,High
13265720352870174826,1,0,3,5.0,creditcard,Brush,1,69.0,122,122,0,High
14694980210207832701,1,0,3,5.0,ideal,Brush,1,69.0,122,122,0,High
11789182171068865815,1,0,3,5.0,ideal,Brush,1,69.0,121,121,0,High
15444894199192121144,1,0,3,5.0,ideal,Brush,1,69.0,121,121,0,High
4458339540397840812,1,0,3,5.0,ideal,Brush,1,69.0,121,121,0,High
8251802578618047696,1,0,3,5.0,ideal,Cables,1,79.0,121,121,0,High
14356298231128096804,0,0,3,5.0,ideal,Brush,1,69.0,121,121,1,High
6108805438428997118,1,0,2,5.0,ideal,Brush,1,49.0,52,52,0,Low
14438821654651702608,1,0,3,5.0,ideal,Brush,1,69.0,120,120,0,Medium
17874543154511247190,0,0,3,5.0,ideal,Brush,1,69.0,119,119,1,Medium
4653194115486669941,1,0,3,5.0,ideal,Brush,1,69.0,119,119,0,Medium
8183064589481403889,0,0,3,10.0,ideal,Brush,2,128.0,118,118,0,Medium
17267083636055127237,1,0,3,5.0,ideal,Brush,1,69.0,117,116,0,Medium
11860022343434805806,1,0,3,5.0,ideal,Brush,1,69.0,116,116,1,Medium
7478575288433366565,1,0,3,5.0,ideal,Brush,1,69.0,116,116,0,Medium
12327943635405204640,1,0,3,5.0,ideal,Brush,1,69.0,115,115,0,Medium
3202303369591414952,1,0,3,5.0,ideal,Brush,1,69.0,115,115,0,Medium
13714272971490507093,1,0,3,5.0,ideal,Brush,1,69.0,115,115,0,Medium
736561800732140135,1,0,3,5.0,ideal,Brush,1,69.0,115,115,0,Medium
2320120290218914254,1,0,3,5.0,creditcard,Brush,1,69.0,115,115,0,Medium
16164724063276218987,1,0,3,5.0,ideal,Brush,1,69.0,114,114,0,Medium
10480480552032908954,1,0,3,5.0,ideal,Brush,1,69.0,114,114,1,Medium
11793841597851926698,1,0,3,5.0,ideal,Brush,1,69.0,114,114,0,Medium
13206775286081990579,1,0,3,5.0,ideal,Brush,1,69.0,114,114,0,Medium
9956177655514587434,1,0,3,5.0,ideal,Brush,1,69.0,113,113,0,Medium
18179292408800621501,1,0,3,5.0,ideal,Brush,1,69.0,113,113,0,Medium
5448340328929533060,1,0,3,5.0,ideal,Brush,1,69.0,113,113,0,Medium
7804885035639103115,1,0,2,5.0,ideal,Brush,1,59.0,63,63,0,Medium
4626916371515415124,1,0,3,5.0,ideal,Brush,1,69.0,111,111,0,Medium
18297251740468521619,1,0,3,5.0,ideal,Brush,1,69.0,111,111,0,Medium
6402499468457573746,1,0,3,5.0,ideal,Brush,1,49.0,111,111,0,Medium
18097117381689063141,1,0,3,5.0,ideal,Heads,1,74.0,111,111,0,Medium
12571232342281288485,1,0,3,5.0,ideal,Brush,1,49.0,111,111,0,Medium
1822119517118274776,1,0,3,5.0,ideal,Brush,1,69.0,111,111,0,Medium
9568019338076792379,1,0,3,5.0,ideal,Brush,1,49.0,110,110,0,Medium
4680851965513005596,1,0,3,5.0,ideal,Brush,1,49.0,110,110,0,Medium
5205661304928229578,1,0,3,5.0,ideal,Brush,1,49.0,110,110,0,Medium
11752194109826800715,1,0,3,5.0,ideal,Brush,1,49.0,110,110,0,Medium
17462879660157315889,1,0,3,5.0,ideal,Brush,1,49.0,110,110,0,Medium
3271883285946110702,1,0,3,10.0,creditcard,Brush,1,49.0,110,110,0,Medium
6849331633474164688,1,0,3,5.0,ideal,Brush,1,49.0,110,110,0,Medium
15331251057997076453,1,0,3,5.0,creditcard,Brush,1,49.0,110,110,0,Medium
11420288684313233343,1,0,3,5.0,creditcard,Brush,1,49.0,110,110,0,Medium
11500976836682668422,1,0,3,5.0,ideal,Brush,1,49.0,110,110,0,Medium
2706289192044013367,1,0,3,5.0,creditcard,Brush,1,49.0,109,109,1,Medium
6866714121957372707,1,0,3,5.0,creditcard,Heads,1,54.0,109,109,0,Medium
10176581786305241434,1,0,3,5.0,creditcard,Heads,1,54.0,109,109,0,Medium
13568922365667141299,1,0,3,10.0,ideal,Brush,1,118.0,109,109,0,Medium
2187078798911113356,1,0,3,5.0,ideal,Brush,1,49.0,109,109,0,Medium
11864576008850313258,1,0,3,5.0,ideal,Brush,1,49.0,109,109,0,Medium
16624089970812708592,1,0,3,5.0,ideal,Brush,1,49.0,109,109,0,Medium
9448342816935795383,1,0,3,5.0,ideal,Brush,1,49.0,109,109,0,Medium
740273952338699188,1,0,3,5.0,creditcard,Brush,1,49.0,109,109,0,Medium
18051799670645550180,1,0,3,5.0,creditcard,Brush,1,49.0,109,109,0,Medium
11798892116606881866,1,0,3,5.0,ideal,Brush,1,49.0,109,109,0,Medium
16029833778003876580,1,0,3,10.0,ideal,Brush,1,49.0,109,109,0,Medium
6806273595436463792,1,0,3,5.0,ideal,Brush,1,70.0,255,255,0,High
12952903101955711600,1,0,3,5.0,ideal,Heads,1,54.0,109,109,0,Medium
7739598165010456028,1,0,3,5.0,ideal,Brush,1,69.0,109,109,0,Medium
2637690661344095286,1,0,3,5.0,ideal,Brush,1,49.0,109,109,0,Medium
10071167402717336184,1,0,3,5.0,creditcard,Brush,1,69.0,109,109,0,Medium
2901874273597116366,1,0,3,5.0,ideal,Brush,1,69.0,109,109,0,Medium
18319881010735930162,1,0,3,5.0,ideal,Brush,1,49.0,109,109,0,Medium
1678807525906440012,1,0,3,5.0,ideal,Brush,1,49.0,109,109,0,Medium
5617204311399453664,1,0,3,5.0,ideal,Brush,1,49.0,109,109,0,Medium
599945929517001281,1,0,3,10.0,ideal,Brush,2,98.0,109,109,0,Medium
15764789373437218951,1,0,3,5.0,ideal,Brush,1,49.0,108,108,0,Medium
13440682525168357654,1,0,3,5.0,ideal,Brush,1,69.0,108,108,0,Medium
16550416984206747178,1,0,3,5.0,ideal,Brush,1,49.0,108,108,0,Medium
15710252740165764143,1,0,3,5.0,ideal,Brush,1,49.0,108,108,0,Medium
7076377928081363511,1,0,3,5.0,ideal,Brush,1,49.0,107,107,0,Medium
5777600539934686021,0,0,3,5.0,ideal,Cables,1,64.0,108,108,0,Medium
16710472497590397626,1,0,3,10.0,ideal,Brush,1,138.0,108,108,0,Medium
9333760585066895614,1,0,3,5.0,ideal,Heads,1,49.0,91,91,0,Medium
7737580600041838252,1,0,3,5.0,ideal,Brush,1,49.0,108,108,0,Medium
4718385086982688148,1,0,3,5.0,ideal,Brush,1,49.0,108,108,0,Medium
3669027948667611105,1,0,3,5.0,ideal,Cables,1,54.0,108,108,0,Medium
5524808231072364656,1,0,3,5.0,ideal,Brush,1,49.0,108,108,0,Medium
7505236747054342193,1,0,3,5.0,ideal,Brush,1,49.0,108,108,0,Medium
3244489059089608734,1,0,3,5.0,ideal,Brush,1,49.0,108,108,0,Medium
1936113045064918835,1,0,3,10.0,ideal,Heads,2,93.0,108,108,0,Medium
16225810142955693841,1,0,3,5.0,ideal,Brush,1,49.0,108,108,0,Medium
6783543808683618937,0,0,3,5.0,ideal,Brush,1,69.0,220,211,0,High
13530919440366925207,1,0,3,5.0,ideal,Brush,1,49.0,108,108,0,Medium
1349399310015117872,1,0,3,5.0,ideal,Brush,1,49.0,108,108,1,Medium
7769300903588724242,1,0,3,5.0,creditcard,Brush,1,49.0,108,108,0,Medium
9891385365006489793,1,0,3,5.0,ideal,Brush,1,49.0,106,106,0,Medium
10722338324631240634,1,0,3,10.0,creditcard,Brush,2,98.0,107,107,0,Medium
10376365255548979214,1,0,3,5.0,ideal,Brush,1,49.0,107,107,0,Medium
8690683731629158161,1,0,3,5.0,ideal,Brush,1,49.0,107,107,0,Medium
6714572530271251974,1,0,3,5.0,ideal,Brush,1,49.0,107,66,1,Medium
11266564321556403715,1,0,3,5.0,ideal,Brush,1,49.0,107,107,0,Medium
15652364985486028937,1,0,3,5.0,ideal,Brush,1,49.0,107,107,0,Medium
790902110256541642,1,0,3,5.0,ideal,Brush,1,49.0,106,106,0,Medium
16170815562692211356,1,0,3,5.0,ideal,Heads,1,74.0,106,106,0,Medium
9840281040177787855,1,0,3,5.0,ideal,Brush,1,49.0,106,106,0,Medium
14390634449409424779,1,0,3,5.0,creditcard,Brush,1,49.0,106,106,1,Medium
14834539340348521475,1,0,3,5.0,ideal,Brush,1,49.0,106,106,0,Medium
10560109335466986350,1,0,3,5.0,ideal,Brush,2,120.0,244,246,0,High
7314440973269122349,1,0,3,5.0,ideal,Brush,1,69.0,106,106,0,Medium
4994094985956365790,1,0,3,5.0,ideal,Brush,1,49.0,106,106,0,Medium
823861523782236875,1,0,3,5.0,ideal,Brush,1,49.0,106,106,0,Medium
14317201545178473702,1,0,3,5.0,ideal,Brush,1,49.0,106,1,1,Low
13292708216477541300,1,0,3,5.0,ideal,Brush,1,49.0,106,106,0,Medium
15736847058994349970,1,0,3,5.0,ideal,Brush,1,49.0,106,106,0,Medium
1939523713664420465,1,0,3,5.0,ideal,Brush,1,49.0,106,106,0,Medium
2429394718689019944,1,0,3,5.0,creditcard,Brush,1,49.0,106,106,0,Medium
4969573221509807966,1,0,3,5.0,ideal,Brush,1,49.0,104,104,0,Medium
3266076699003866850,1,0,3,5.0,ideal,Brush,1,49.0,106,106,0,Medium
5276874719866568422,1,0,3,5.0,creditcard,Brush,2,98.0,106,106,0,Medium
16679490978729837737,1,0,3,5.0,ideal,Brush,1,49.0,104,104,0,Medium
13673759567925948070,1,0,3,5.0,creditcard,Heads,1,59.2,94,94,0,Medium
13864130319185089496,1,0,3,5.0,ideal,Brush,1,49.0,105,105,0,Medium
11397798360519555361,1,0,3,5.0,ideal,Brush,1,49.0,104,1,1,Low
77165076798665093,1,0,3,5.0,ideal,Brush,1,60.0,246,246,0,High
17381243233506217654,1,0,3,5.0,ideal,Brush,1,49.0,105,105,0,Medium
1110416674311949209,1,0,3,10.0,ideal,Brush,2,98.0,105,24,1,Low
7675223096388236709,1,0,3,5.0,ideal,Brush,1,49.0,105,105,0,Medium
1314503752992007588,1,0,3,5.0,ideal,Brush,1,49.0,105,105,0,Medium
7487091606124636363,1,0,3,5.0,ideal,Brush,1,118.0,105,105,0,Medium
9030326349396307073,1,0,3,5.0,ideal,Brush,1,49.0,104,104,0,Medium
3117802217169438024,1,0,3,5.0,creditcard,Brush,1,49.0,105,105,0,Medium
13883411180810797937,1,1,3,10.0,ideal,Brush,4,364.0,86,105,0,Medium
14714824792989382846,1,0,3,10.0,creditcard,Brush,5,300.0,247,246,1,High
8968933529926592449,1,0,3,5.0,ideal,Brush,1,49.0,105,105,0,Medium
1739556638369264318,1,0,3,5.0,ideal,Brush,1,49.0,105,105,0,Medium
18133111029426429887,1,0,3,5.0,creditcard,Heads,1,54.0,105,105,0,Medium
11206151866274523154,1,0,3,5.0,ideal,Brush,1,49.0,105,105,0,Medium
13856883412831371180,1,0,3,5.0,ideal,Brush,1,49.0,105,105,0,Medium
16852391923051695261,1,0,3,5.0,creditcard,Brush,1,49.0,105,105,0,Medium
16538566209486910978,1,0,3,5.0,ideal,Brush,1,49.0,105,105,0,Medium
14746644730170420670,1,0,3,5.0,ideal,Brush,1,49.0,104,104,0,Medium
9959134035389192524,1,1,3,5.0,ideal,Brush,2,69.0,17,104,0,Medium
4989540645374559462,1,0,3,5.0,creditcard,Brush,1,60.0,247,246,0,High
17977755611068223666,1,0,3,5.0,ideal,Brush,1,49.0,104,104,0,Medium
17918654077526925896,1,0,3,5.0,ideal,Brush,1,49.0,104,104,0,Medium
1591747817265433396,0,0,3,5.0,ideal,Brush,1,49.0,104,104,0,Medium
1465308765547112315,1,0,3,5.0,ideal,Brush,1,49.0,104,104,0,Medium
14858190843044359638,1,0,3,5.0,ideal,Brush,1,49.0,104,104,0,Medium
6704978837864949832,1,0,3,5.0,ideal,Brush,1,69.0,101,101,0,Medium
18427882829529028966,1,0,3,5.0,ideal,Brush,1,49.0,104,104,0,Medium
11166113645886241936,1,0,3,10.0,creditcard,Brush,1,118.0,104,104,0,Medium
10386428953175814359,1,0,3,10.0,creditcard,Brush,2,98.0,104,104,0,Medium
4236239615766840356,1,0,3,10.0,ideal,Brush,2,228.0,72,246,0,High
15889704747544951953,1,0,3,5.0,ideal,Brush,1,69.0,104,104,0,Medium
11171683418564358574,1,0,3,5.0,ideal,Brush,1,49.0,104,82,1,Medium
6992837365538806448,1,0,3,5.0,ideal,Brush,1,49.0,104,104,0,Medium
8014214950772365338,1,0,3,5.0,ideal,Brush,1,69.0,104,104,0,Medium
15155929854782876155,1,0,3,5.0,creditcard,Brush,1,49.0,104,104,0,Medium
12382711372997214121,1,0,3,5.0,ideal,Brush,1,49.0,104,104,0,Medium
759565765988748648,1,0,3,5.0,ideal,Brush,1,49.0,104,104,0,Medium
17378988492670330704,1,0,3,5.0,creditcard,Brush,1,49.0,104,104,0,Medium
15198286665098111653,1,0,3,10.0,ideal,Heads,1,128.0,104,104,0,Medium
1957126022671206049,1,0,3,5.0,ideal,Heads,1,65.0,246,246,0,High
9722255980477454525,1,0,3,5.0,ideal,Brush,1,49.0,104,104,0,Medium
109394058139215539,1,0,3,5.0,ideal,Brush,1,49.0,104,104,0,Medium
15143633988380900434,1,0,3,5.0,ideal,Brush,1,49.0,104,104,0,Medium
2507807805439863616,1,0,3,5.0,ideal,Brush,2,98.0,103,103,0,Medium
2423431802999697768,1,0,3,5.0,ideal,Cables,1,54.0,103,103,0,Medium
5291323444826870404,1,0,3,5.0,ideal,Brush,1,49.0,101,101,0,Medium
6969933563780070675,1,0,3,5.0,ideal,Brush,1,49.0,103,103,0,Medium
16359162444117615892,1,0,3,5.0,ideal,Cables,1,59.0,103,103,0,Medium
15408419167463547256,1,0,3,10.0,ideal,Heads,2,125.0,193,246,0,High
5913110273947478377,1,0,3,5.0,ideal,Brush,1,49.0,103,103,0,Medium
14278518086189485995,1,0,3,5.0,creditcard,Brush,1,69.0,103,103,1,Medium
16816137260132751647,1,0,3,5.0,ideal,Brush,1,49.0,103,103,0,Medium
8410705790359268513,1,0,3,5.0,ideal,Brush,1,49.0,103,103,0,Medium
11469151812629920620,1,0,3,5.0,ideal,Brush,1,49.0,103,103,0,Medium
17450406169824500948,1,0,3,5.0,ideal,Brush,1,49.0,103,103,0,Medium
17428667010756302347,1,0,3,5.0,ideal,Brush,1,49.0,103,103,0,Medium
4171939665516272071,1,0,3,5.0,ideal,Brush,1,49.0,103,103,0,Medium
977316151492375970,1,0,3,5.0,ideal,Brush,1,49.0,103,103,0,Medium
7505499345770421210,1,0,3,5.0,ideal,Brush,1,49.0,103,103,0,Medium
15062267989252493637,1,0,3,5.0,ideal,Brush,1,60.0,247,246,0,High
13653896062232465897,1,0,3,5.0,ideal,Brush,1,49.0,103,103,0,Medium
5091000466535807782,1,0,3,5.0,ideal,Brush,1,49.0,103,103,0,Medium
1850395207388002279,1,0,3,5.0,ideal,Brush,1,49.0,103,103,1,Medium
5909619991145380013,1,0,3,5.0,creditcard,Brush,1,69.0,103,103,0,Medium
8611030899048598317,1,0,3,5.0,ideal,Brush,1,49.0,103,103,0,Medium
16295092126612943122,1,0,3,5.0,ideal,Brush,1,69.0,103,103,0,Medium
14881533260938485841,1,0,3,5.0,ideal,Brush,1,49.0,103,103,0,Medium
14071395856905761747,1,0,3,5.0,ideal,Brush,1,49.0,102,102,0,Medium
14329937047341298411,1,0,3,5.0,ideal,Brush,1,60.0,247,246,0,High
8756079013415726767,1,0,3,5.0,ideal,Brush,1,49.0,102,102,0,Medium
668458346486004559,1,0,3,5.0,ideal,Brush,1,49.0,102,102,0,Medium
16387181107219551804,1,0,3,5.0,ideal,Brush,1,69.0,102,102,0,Medium
13215139147960531307,1,0,3,5.0,ideal,Brush,1,49.0,102,102,0,Medium
9401012618591247566,1,1,3,5.0,ideal,Heads,2,74.0,17,102,0,Medium
2140125688945876052,1,0,3,5.0,ideal,Brush,1,60.0,247,246,0,High
13141938241209651610,1,0,3,5.0,ideal,Brush,1,49.0,102,102,0,Medium
8878788533104486786,1,0,3,5.0,ideal,Brush,1,49.0,102,102,0,Medium
9873056736077132528,1,0,3,5.0,ideal,Brush,1,49.0,102,102,1,Medium
4863172762293695980,1,0,3,5.0,ideal,Brush,1,49.0,102,102,0,Medium
2862739484655928504,1,0,3,10.0,ideal,Brush,1,138.0,102,102,0,Medium
3631494381530878700,1,0,3,5.0,ideal,Brush,1,49.0,102,102,0,Medium
9334734547142713826,1,0,2,5.0,ideal,Brush,2,98.0,56,102,0,Medium
13686876832956630187,1,0,3,5.0,ideal,Brush,1,49.0,102,102,0,Medium
15769819912383571284,1,0,3,5.0,ideal,Brush,1,49.0,102,102,0,Medium
6087754549223413762,1,0,3,5.0,ideal,Brush,1,49.0,102,102,0,Medium
18042981447064544312,1,0,3,5.0,ideal,Brush,2,114.0,213,246,0,High
1643243273769071577,1,0,3,5.0,ideal,Brush,1,49.0,102,102,0,Medium
11087025162956700613,1,0,3,5.0,ideal,Brush,1,49.0,102,102,0,Medium
9842136988960904061,1,0,3,5.0,ideal,Brush,1,49.0,101,101,0,Medium
2050381229181620065,1,0,3,5.0,ideal,Brush,1,49.0,102,102,0,Medium
251187392743916603,1,0,3,5.0,ideal,Brush,1,49.0,102,102,0,Medium
1217061518906409103,1,0,3,5.0,ideal,Brush,1,49.0,102,102,0,Medium
4622176259706096935,1,0,3,5.0,ideal,Brush,1,49.0,102,102,0,Medium
17450350423343270860,1,0,3,5.0,ideal,Brush,1,69.0,101,101,1,Medium
7573350368268661209,1,0,3,5.0,ideal,Brush,1,49.0,101,101,0,Medium
10245353051967208894,0,0,3,5.0,ideal,Brush,3,180.0,247,246,0,High
4889083356903761030,1,0,3,5.0,ideal,Brush,1,49.0,101,101,0,Medium
1886090645216329915,1,0,3,5.0,ideal,Brush,1,49.0,101,76,1,Medium
8420210422840887892,1,0,3,5.0,ideal,Brush,1,49.0,101,101,0,Medium
3504053185279015963,1,0,3,10.0,ideal,Brush,1,138.0,101,101,0,Medium
17986969153558054277,1,0,3,5.0,ideal,Brush,1,49.0,101,101,0,Medium
15138934484270425298,1,0,3,5.0,ideal,Brush,1,49.0,101,101,0,Medium
14243813848876069458,1,0,3,10.0,ideal,Brush,1,118.0,101,101,0,Medium
4913794347851036607,1,0,3,5.0,creditcard,Brush,1,49.0,101,101,0,Medium
13110643868338809132,1,0,3,5.0,ideal,Brush,1,49.0,101,101,0,Medium
18073607102117757295,1,0,3,5.0,ideal,Brush,1,49.0,101,101,0,Medium
14771276518670271741,1,0,3,5.0,ideal,Brush,1,49.0,101,101,0,Medium
15314310368332381255,1,0,3,5.0,ideal,Brush,1,49.0,101,101,1,Medium
6435594002457104457,1,0,3,5.0,ideal,Brush,1,49.0,101,101,0,Medium
16383882554811818701,1,0,3,5.0,ideal,Brush,1,49.0,101,101,0,Medium
10109949942808998130,1,0,3,5.0,ideal,Brush,1,49.0,101,101,0,Medium
1041447644565396239,1,0,3,5.0,ideal,Brush,1,49.0,101,101,0,Medium
15015721060373511389,1,0,3,5.0,ideal,Brush,1,70.0,247,246,0,High
2181630881034022402,1,0,3,5.0,creditcard,Brush,1,49.0,101,101,0,Medium
1263327000232795359,1,0,3,5.0,ideal,Brush,1,49.0,101,101,0,Medium
3470966152015932625,1,0,3,5.0,ideal,Brush,1,49.0,101,101,0,Medium
11451406136847365481,1,0,3,5.0,ideal,Brush,1,49.0,100,100,0,Medium
16115192944743085442,1,0,3,5.0,ideal,Brush,1,49.0,100,100,0,Medium
9596574181285624559,1,0,3,5.0,ideal,Brush,1,49.0,100,100,0,Medium
14990898677005639404,1,0,3,5.0,ideal,Brush,1,69.0,100,100,0,Medium
6367434064100945982,1,0,3,5.0,ideal,Brush,1,49.0,100,100,0,Medium
3610229798173447380,1,0,3,5.0,creditcard,Brush,1,60.0,247,246,0,High
8208671783242738081,1,0,3,5.0,ideal,Brush,1,69.0,100,100,0,Medium
6163701836428954624,1,0,3,5.0,ideal,Brush,1,49.0,100,100,0,Medium
13891139731716716654,1,0,3,5.0,ideal,Brush,1,69.0,100,100,0,Medium
785663288407378138,1,0,3,5.0,ideal,Brush,1,49.0,100,100,0,Medium
15662666287636143350,1,0,3,5.0,ideal,Brush,1,69.0,100,100,0,Medium
6918844632256673091,1,0,3,10.0,creditcard,Brush,1,138.0,100,100,0,Medium
16184076028850438167,1,0,3,5.0,ideal,Brush,1,69.0,100,100,0,Medium
2107820754914662347,1,0,3,5.0,ideal,Brush,1,69.0,100,100,0,Medium
2006242965135505407,1,0,3,5.0,ideal,Brush,1,69.0,100,100,0,Medium
381506895515943199,1,0,3,5.0,ideal,Brush,1,69.0,100,100,0,Medium
15587694107935103106,1,0,3,5.0,ideal,Brush,1,60.0,247,246,0,High
14703274333357190789,1,0,3,5.0,ideal,Brush,1,69.0,99,99,1,Medium
10293567129198705477,1,0,3,5.0,ideal,Brush,1,69.0,99,99,0,Medium
6262267481827016271,1,0,3,5.0,ideal,Brush,1,69.0,99,99,0,Medium
3300174262184453883,1,0,3,5.0,ideal,Brush,1,69.0,99,99,0,Medium
1740597225088458822,1,0,3,10.0,ideal,Brush,1,138.0,99,99,0,Medium
18211641257369529676,1,0,3,10.0,ideal,Brush,1,138.0,99,99,0,Medium
9662630759291678911,1,0,3,5.0,ideal,Brush,1,49.0,99,99,0,Medium
17725881965185640407,1,0,3,5.0,ideal,Brush,1,60.0,245,245,0,High
8623475949548791338,1,0,3,5.0,ideal,Brush,1,69.0,99,99,0,Medium
14359686360663261161,1,0,3,5.0,ideal,Brush,1,69.0,98,98,0,Medium
9701392669604947151,1,0,3,5.0,ideal,Brush,1,69.0,98,98,0,Medium
12861918128856062674,1,0,3,10.0,ideal,Brush,1,138.0,98,98,0,Medium
7914721366674822221,1,0,3,5.0,ideal,Heads,1,79.0,98,98,1,Medium
8933993422303610253,1,0,3,5.0,creditcard,Brush,1,69.0,97,97,0,Medium
12423318167096741610,1,0,3,5.0,ideal,Brush,1,69.0,96,96,0,Medium
9977727587578245117,1,0,3,5.0,ideal,Brush,1,69.0,96,96,0,Medium
7462618437578621189,1,0,3,5.0,ideal,Brush,1,110.4,96,96,0,Medium
1263462756624200476,1,0,3,5.0,ideal,Brush,1,55.0,245,245,0,High
4883743321413300500,1,0,3,10.0,ideal,Brush,1,138.0,96,96,0,Medium
7693902639289843214,1,0,3,5.0,ideal,Brush,1,69.0,96,96,0,Medium
13558970732005376902,1,0,3,5.0,ideal,Brush,1,69.0,96,96,0,Medium
10632396135994068494,1,0,3,5.0,ideal,Brush,1,55.2,96,96,0,Medium
17389000993726955051,1,0,3,5.0,ideal,Brush,1,69.0,95,95,0,Medium
16833428869949240392,1,0,3,10.0,ideal,Brush,1,138.0,95,95,0,Medium
3160970804707638701,1,0,3,5.0,ideal,Brush,1,138.0,95,95,0,Medium
5825514371688220310,1,0,3,5.0,ideal,Brush,1,69.0,95,95,0,Medium
7338694588433881765,1,0,3,5.0,ideal,Brush,1,69.0,95,95,1,Medium
17816396466836392200,1,0,3,5.0,creditcard,Brush,1,69.0,94,94,0,Medium
16312854855693278924,1,0,3,5.0,creditcard,Brush,1,69.0,94,94,0,Medium
16158221039399794917,1,0,3,5.0,ideal,Brush,1,69.0,94,94,0,Medium
10400823824629920026,1,0,3,5.0,ideal,Brush,1,69.0,94,94,0,Medium
17586745171748484229,1,0,3,10.0,ideal,Brush,1,138.0,94,94,0,Medium
14707574370069560099,1,0,3,5.0,creditcard,Brush,1,60.0,245,245,0,High
6130842050957964526,1,0,3,5.0,ideal,Brush,1,69.0,94,94,0,Medium
16669245960462825783,1,0,3,5.0,ideal,Brush,1,69.0,94,94,0,Medium
9407928376795865201,1,0,3,5.0,creditcard,Brush,1,69.0,94,94,0,Medium
765581149819036914,1,0,3,5.0,ideal,Brush,1,69.0,93,93,0,Medium
8811768042340730615,1,0,3,5.0,creditcard,Brush,1,60.0,245,245,0,High
1312099876850513290,1,0,3,5.0,ideal,Brush,1,69.0,93,93,0,Medium
11327670974154336772,1,0,3,5.0,ideal,Brush,1,69.0,93,93,0,Medium
5207235439439741598,1,0,3,5.0,ideal,Brush,1,55.2,92,92,0,Medium
17973863997046478931,1,0,3,5.0,ideal,Brush,1,69.0,93,93,0,Medium
13360753611518573103,1,0,3,5.0,ideal,Brush,1,69.0,93,93,1,Medium
4922063503900436026,1,0,3,5.0,ideal,Brush,1,69.0,93,93,0,Medium
14077332110569009497,0,0,3,5.0,,Brush,1,69.0,7,7,0,Low
4982692967561793775,1,0,3,5.0,ideal,Brush,1,69.0,92,92,0,Medium
10539369398139480277,1,0,3,5.0,ideal,Brush,1,55.2,92,92,0,Medium
2413157648923325116,1,0,3,5.0,ideal,Brush,1,69.0,92,92,0,Medium
555658083836444544,1,0,3,5.0,ideal,Brush,1,69.0,92,92,0,Medium
2897565363914212319,1,0,3,5.0,ideal,Brush,1,69.0,92,92,0,Medium
10057687560773218213,1,0,3,5.0,ideal,Brush,1,69.0,92,92,0,Medium
11964320983612743211,1,0,3,5.0,ideal,Brush,1,69.0,92,92,0,Medium
14371226037478407997,1,0,3,5.0,ideal,Brush,1,69.0,92,92,0,Medium
5186580248832880518,1,0,3,5.0,ideal,Heads,1,74.0,92,92,0,Medium
10258989081766170949,1,0,3,5.0,ideal,Brush,1,69.0,92,92,0,Medium
12514889758654317546,1,0,3,5.0,ideal,Brush,1,55.2,92,92,0,Medium
10349788685012391754,1,0,3,5.0,ideal,Brush,1,55.2,91,91,0,Medium
1683007205085390403,1,0,3,5.0,ideal,Brush,1,69.0,91,91,0,Medium
8320935387733222513,1,0,3,5.0,creditcard,Brush,1,69.0,91,91,0,Medium
1533462552931665800,1,0,3,10.0,ideal,Heads,1,74.0,91,91,0,Medium
9718865874729789791,1,0,3,5.0,ideal,Brush,1,55.2,91,91,0,Medium
7829770019473997572,1,0,3,5.0,creditcard,Brush,1,69.0,91,91,0,Medium
18420158290492638746,1,0,3,5.0,ideal,Brush,2,148.0,91,91,0,Medium
8021592095679039585,1,0,3,5.0,ideal,Brush,1,55.2,91,91,0,Medium
5334481795608635636,1,0,3,5.0,ideal,Brush,1,55.2,91,91,0,Medium
2247140435030600081,1,0,3,5.0,ideal,Brush,1,69.0,91,91,0,Medium
11524711761978768404,1,0,3,10.0,creditcard,Brush,1,138.0,90,90,0,Medium
11402318071659629275,1,0,3,5.0,ideal,Brush,1,69.0,90,90,1,Medium
8678165100123071716,1,0,3,5.0,ideal,Brush,1,70.0,244,244,0,High
11513374808797908060,1,0,3,5.0,ideal,Brush,1,69.0,90,90,0,Medium
12411994165844782917,1,0,2,10.0,creditcard,Brush,2,118.0,90,90,1,Medium
938543870581326283,1,0,3,5.0,ideal,Brush,1,69.0,90,90,0,Medium
11912096490104462158,1,0,3,5.0,ideal,Brush,1,55.2,89,89,0,Medium
3229484175493512242,1,0,3,5.0,ideal,Brush,1,69.0,89,89,0,Medium
13247652167548972796,0,0,3,5.0,ideal,Brush,2,128.0,89,85,0,Medium
7872923490855149220,1,0,3,5.0,ideal,Brush,1,54.0,218,218,0,High
8451027627065343657,1,0,2,5.0,ideal,Brush,1,69.0,89,89,0,Medium
4162664826494130732,1,0,3,5.0,ideal,Brush,1,49.0,89,89,0,Medium
100565222981809094,1,0,3,5.0,creditcard,Brush,1,69.0,89,89,0,Medium
14002203867047980830,1,0,3,5.0,ideal,Brush,1,69.0,89,89,0,Medium
5488191045816312468,1,0,3,5.0,ideal,Brush,1,69.0,89,89,0,Medium
16358975016241039534,1,0,3,5.0,ideal,Brush,1,49.0,88,88,0,Medium
3455961240468860199,1,0,3,5.0,ideal,Brush,1,49.0,88,88,0,Medium
1972468606601181182,1,0,3,5.0,ideal,Brush,2,98.0,88,88,0,Medium
17814455908980041009,1,0,3,10.0,ideal,Brush,2,114.0,244,244,0,High
8568985422953598486,1,0,3,10.0,ideal,Brush,1,118.0,88,88,0,Medium
9621754727003727023,1,0,3,5.0,ideal,Brush,1,49.0,88,88,0,Medium
13831120777254021752,1,0,3,5.0,ideal,Heads,1,54.0,88,88,0,Medium
2757114658956612636,1,0,3,5.0,ideal,Brush,1,49.0,88,88,0,Medium
11800192886857718834,1,0,3,5.0,ideal,Brush,1,49.0,88,88,0,Medium
3944432250321398560,1,0,3,5.0,ideal,Brush,1,69.0,88,88,0,Medium
16518496546752344939,1,0,3,5.0,ideal,Brush,1,49.0,88,88,0,Medium
7476326949964819728,1,0,3,5.0,ideal,Brush,1,49.0,88,88,0,Medium
794481920536599282,1,0,3,5.0,ideal,Brush,1,49.0,88,88,0,Medium
10356329088418482461,1,0,3,5.0,ideal,Brush,1,70.0,244,244,0,High
3678262253725417930,1,0,3,5.0,ideal,Brush,1,49.0,87,88,0,Medium
976794934332367623,1,0,3,5.0,ideal,Brush,1,49.0,88,88,0,Medium
9354461320934686516,1,0,3,5.0,ideal,Brush,1,49.0,88,88,0,Medium
18370670166304204291,1,0,3,5.0,ideal,Brush,1,49.0,88,88,0,Medium
6332216212959803928,1,0,3,5.0,ideal,Brush,1,49.0,88,88,0,Medium
3735669773510145943,1,0,3,5.0,ideal,Brush,1,49.0,87,87,0,Medium
5299210746762465408,1,0,3,5.0,ideal,Brush,1,69.0,87,87,0,Medium
3999428408655936316,1,0,3,5.0,ideal,Heads,1,70.0,244,244,0,High
417613933281280915,1,0,3,5.0,ideal,Brush,1,49.0,87,87,0,Medium
10567727282115882803,1,0,3,5.0,ideal,Brush,1,49.0,87,87,0,Medium
10611786151970600251,1,0,3,5.0,ideal,Brush,1,49.0,87,87,0,Medium
11588900326858356843,1,0,3,5.0,ideal,Brush,1,49.0,87,87,0,Medium
13506940505097428872,1,0,3,5.0,ideal,Brush,1,69.0,87,87,0,Medium
15852160109561824492,1,0,3,5.0,ideal,Brush,1,70.0,243,243,0,High
4792918438295220036,1,0,3,5.0,ideal,Brush,1,49.0,86,86,0,Medium
14752185083276289614,1,0,3,5.0,ideal,Brush,1,49.0,86,86,0,Medium
6937786962508670830,1,0,3,10.0,ideal,Brush,2,98.0,86,86,0,Medium
2080880728242402119,1,0,3,5.0,ideal,Brush,1,49.0,86,86,0,Medium
5099761056645931929,1,0,3,5.0,ideal,Brush,1,49.0,86,86,0,Medium
9842088962976876206,1,0,3,5.0,ideal,Brush,1,49.0,86,86,0,Medium
14521944007707823914,1,0,3,5.0,ideal,Brush,1,49.0,86,86,0,Medium
17574097606646556720,1,0,3,5.0,ideal,Brush,1,49.0,86,86,0,Medium
12205200150665241959,1,0,3,5.0,ideal,Brush,1,49.0,86,86,0,Medium
437849948654448585,1,0,3,5.0,ideal,Brush,1,49.0,86,86,0,Medium
5330256438400674428,1,0,3,5.0,ideal,Brush,1,49.0,86,86,0,Medium
15517142703410949244,1,0,3,5.0,ideal,Brush,1,49.0,86,86,0,Medium
11000934740923490603,1,0,3,10.0,ideal,Brush,1,118.0,85,85,0,Medium
17967501393012131246,1,0,3,5.0,ideal,Brush,1,49.0,85,85,0,Medium
13430422317438323376,1,0,3,5.0,ideal,Brush,1,60.0,243,243,0,High
7815661559519192389,1,0,3,5.0,creditcard,Heads,1,54.0,85,85,0,Medium
13570441744061258300,1,0,3,5.0,ideal,Brush,1,49.0,85,85,0,Medium
18267763431637709012,1,0,3,5.0,ideal,Brush,1,49.0,85,85,0,Medium
10647122677976903493,1,0,3,5.0,ideal,Brush,1,60.0,242,242,0,High
10047760154689235588,1,0,3,5.0,ideal,Brush,1,49.0,84,84,0,Medium
13569200565386985429,1,0,3,5.0,ideal,Brush,1,49.0,84,84,0,Medium
7704037922624821185,1,0,3,10.0,ideal,Brush,1,138.0,84,84,0,Medium
9731575115493786738,1,0,3,5.0,ideal,Brush,1,49.0,80,12,1,Low
6310721283950531059,1,0,3,5.0,ideal,Brush,1,49.0,84,84,0,Medium
5071231341451100362,1,0,3,5.0,ideal,Brush,1,49.0,84,84,0,Medium
5336968298440750040,1,0,3,5.0,creditcard,Brush,1,49.0,84,84,0,Medium
4599637637290050254,1,0,3,5.0,ideal,Brush,1,49.0,84,84,0,Medium
15468799418821235557,1,0,3,10.0,creditcard,Brush,2,120.0,241,241,0,High
10783764347714385217,1,0,3,5.0,ideal,Brush,1,49.0,84,84,0,Medium
4250294751902877178,1,0,3,5.0,ideal,Brush,1,49.0,83,83,0,Medium
9021441331529460101,1,0,3,5.0,creditcard,Brush,1,49.0,83,83,0,Medium
17940266612600785152,1,0,3,5.0,creditcard,Brush,1,49.0,83,83,0,Medium
14499381926895471656,1,0,3,5.0,creditcard,Brush,1,49.0,83,83,0,Medium
14957378096207489833,1,0,2,5.0,ideal,Brush,1,49.0,68,68,1,Medium
18098418313729912852,1,0,3,5.0,ideal,Brush,1,60.0,241,241,0,High
10348767643492775636,1,0,3,5.0,creditcard,Brush,1,69.0,83,83,0,Medium
495922297651315685,1,0,3,5.0,ideal,Brush,1,49.0,83,83,0,Medium
8468563091008937397,1,0,3,5.0,ideal,Brush,1,49.0,83,83,0,Medium
3010822199998515849,1,0,2,10.0,ideal,Brush,2,138.0,83,83,0,Medium
5662691426937047854,1,0,3,5.0,ideal,Brush,1,49.0,83,83,0,Medium
8649217932112573666,1,0,3,5.0,ideal,Brush,1,49.0,83,83,0,Medium
9030545815324487417,1,0,3,5.0,ideal,Brush,1,49.0,83,83,0,Medium
6030998194691381395,1,0,3,5.0,ideal,Brush,1,49.0,83,83,0,Medium
1949136994040948911,1,0,3,5.0,ideal,Brush,1,60.0,240,240,0,High
7044935769512797193,1,0,3,5.0,creditcard,Brush,1,49.0,82,82,0,Medium
8023359229573595292,1,0,3,5.0,ideal,Brush,1,69.0,82,82,0,Medium
9464891367675282122,1,0,3,5.0,ideal,Brush,1,69.0,82,82,0,Medium
13887031879198790180,1,0,3,5.0,ideal,Brush,1,49.0,82,82,0,Medium
10977717002857170692,1,0,3,5.0,ideal,Brush,1,49.0,82,82,0,Medium
8445717496758771718,1,0,3,5.0,ideal,Brush,2,98.0,82,82,0,Medium
5637683407848066919,1,0,3,10.0,ideal,Brush,2,138.0,82,82,0,Medium
8638563140432048104,1,0,3,10.0,ideal,Brush,1,138.0,82,82,0,Medium
5688375981358791014,1,0,3,5.0,creditcard,Brush,1,49.0,82,82,0,Medium
5233364674452849879,1,0,3,5.0,creditcard,Brush,1,60.0,240,240,1,High
11526160675351791484,1,0,3,5.0,ideal,Brush,1,118.0,82,82,0,Medium
2534925674939260724,1,0,3,5.0,ideal,Brush,1,49.0,82,82,0,Medium
15987462117491307014,1,0,3,5.0,ideal,Brush,1,59.0,82,82,0,Medium
748541828170340259,1,0,3,5.0,ideal,Brush,1,49.0,82,82,0,Medium
14183112980644514308,1,0,3,5.0,ideal,Brush,1,49.0,82,82,0,Medium
1686442644506652149,0,0,3,5.0,ideal,Brush,1,49.0,82,82,0,Medium
12708653091631031097,1,0,3,5.0,ideal,Brush,1,49.0,82,82,0,Medium
11014389764316250984,1,0,3,5.0,ideal,Brush,1,49.0,82,82,0,Medium
11093257690728262879,1,0,3,5.0,ideal,Brush,1,60.0,240,172,1,High
7092127649687130085,1,0,3,5.0,ideal,Brush,1,49.0,82,82,0,Medium
3822061929353469714,1,0,3,5.0,ideal,Brush,1,49.0,82,82,0,Medium
12373867897337065594,1,0,3,5.0,ideal,Heads,1,54.0,81,81,0,Medium
1778862892176334969,1,0,3,5.0,creditcard,Brush,1,49.0,81,81,0,Medium
10467567022496882363,1,0,3,5.0,ideal,Brush,1,49.0,81,81,0,Medium
2515804637209890077,1,0,3,5.0,ideal,Brush,1,49.0,81,81,0,Medium
4662880754691437538,1,0,3,5.0,ideal,Brush,1,49.0,81,81,0,Medium
17873434718739686801,1,0,3,5.0,ideal,Brush,1,49.0,81,31,0,Low
921778977421443652,1,0,3,5.0,ideal,Brush,1,49.0,81,81,0,Medium
16814103877332713816,1,0,3,5.0,ideal,Brush,1,49.0,81,81,0,Medium
206969105634143352,1,0,3,5.0,creditcard,Brush,1,60.0,234,234,0,High
5659650485678012239,1,0,3,5.0,ideal,Brush,1,49.0,81,81,0,Medium
9539783272691112154,1,0,3,5.0,ideal,Brush,1,49.0,81,81,0,Medium
10449217344242762426,1,0,3,5.0,ideal,Brush,1,49.0,81,81,0,Medium
14542616280022177775,1,0,3,5.0,ideal,Brush,1,49.0,81,81,0,Medium
16425070438840030631,1,0,3,5.0,ideal,Brush,2,98.0,81,81,0,Medium
15129086703992648431,1,0,3,5.0,ideal,Brush,1,49.0,81,81,0,Medium
2680692146455607222,1,0,3,5.0,ideal,Brush,1,49.0,81,81,0,Medium
1892075764146904939,1,0,3,5.0,ideal,Brush,1,49.0,81,81,0,Medium
14905761166159027401,1,0,3,5.0,ideal,Brush,1,49.0,81,81,0,Medium
557905884824500844,1,0,3,5.0,ideal,Brush,1,60.0,240,240,0,High
18101775651857120249,1,0,3,5.0,ideal,Brush,1,49.0,81,81,0,Medium
18407308081436204384,1,0,3,5.0,ideal,Brush,1,49.0,80,80,0,Medium
9887854644629961333,1,0,3,5.0,ideal,Brush,1,49.0,80,80,0,Medium
7013451434426524440,1,0,3,5.0,ideal,Brush,1,49.0,80,80,0,Medium
8369325400823020530,1,0,2,5.0,ideal,Brush,1,49.0,80,80,0,Medium
16023073822122975997,1,0,3,5.0,ideal,Brush,1,59.0,80,80,0,Medium
9816610467756559900,1,0,2,10.0,creditcard,Brush,3,217.0,56,80,0,Medium
1268177131486890217,1,0,3,5.0,creditcard,Brush,1,49.0,80,26,0,Low
8637097743704404271,1,0,3,5.0,ideal,Brush,1,49.0,79,79,1,Medium
12521437074689389969,1,0,3,5.0,ideal,Brush,1,55.0,237,237,0,High
14939320560951242277,1,0,2,5.0,ideal,Brush,1,49.0,80,41,1,Low
13152469766551387249,1,0,3,5.0,ideal,Brush,1,69.0,80,80,0,Medium
14682873762322090155,1,0,3,5.0,ideal,Brush,1,49.0,80,80,0,Medium
530256697016641260,1,0,2,5.0,ideal,Brush,1,49.0,80,80,0,Medium
11412688241948073134,1,0,2,5.0,ideal,Brush,1,49.0,79,79,0,Medium
4182670637803953031,1,0,3,5.0,ideal,Brush,1,55.0,238,238,0,High
13764741732317046379,1,0,3,5.0,ideal,Brush,1,49.0,79,79,0,Medium
14801083974593719768,1,0,3,5.0,ideal,Brush,1,69.0,79,79,0,Medium
10235663108748333631,1,0,2,5.0,ideal,Brush,1,49.0,79,79,0,Medium
10880905057832556429,1,0,3,5.0,ideal,Brush,1,69.0,79,79,0,Medium
3218578527581496435,1,0,3,5.0,creditcard,Brush,2,98.0,78,78,0,Medium
11870532604834391912,1,0,3,5.0,ideal,Brush,3,295.0,25,238,0,High
15996661774276561558,1,0,3,10.0,ideal,Heads,1,74.0,79,79,0,Medium
10144455069040751325,1,0,2,5.0,creditcard,Brush,1,69.0,78,78,0,Medium
4332666619589163953,1,0,3,5.0,ideal,Brush,1,69.0,78,78,0,Medium
9031955324382794697,1,0,3,5.0,ideal,Brush,1,49.0,78,78,0,Medium
16389426922706213660,1,0,2,5.0,ideal,Brush,1,49.0,78,78,0,Medium
15876602238913107680,1,0,3,5.0,ideal,Brush,1,69.0,78,78,0,Medium
16139432352333540583,1,0,1,5.0,ideal,Brush,1,69.0,78,78,0,Medium
6770244114490834936,1,0,3,5.0,ideal,Cables,1,54.0,78,78,0,Medium
8971831297080849449,1,0,2,5.0,ideal,Brush,2,98.0,55,78,0,Medium
12265743529956260293,1,0,3,5.0,ideal,Brush,1,49.0,78,78,0,Medium
3808612284218597267,1,0,3,5.0,ideal,Brush,1,60.0,236,236,0,High
168544623827897803,1,0,2,5.0,ideal,Brush,1,49.0,78,78,0,Medium
8619656607372636609,1,0,1,5.0,ideal,Brush,1,49.0,78,32,1,Low
15540584007317966904,1,0,3,5.0,ideal,Brush,1,49.0,78,78,0,Medium
16209218532238043049,1,0,3,5.0,ideal,Brush,1,49.0,78,78,0,Medium
7356567963226688235,1,0,2,5.0,ideal,Brush,1,49.0,78,78,0,Medium
7686119029413525162,1,0,2,5.0,ideal,Heads,1,54.0,78,78,0,Medium
15588614788015998384,1,0,2,5.0,ideal,Brush,1,49.0,78,78,0,Medium
8424002670103268616,1,0,2,5.0,ideal,Brush,1,49.0,78,78,0,Medium
12715240063342444374,1,0,2,5.0,ideal,Brush,1,49.0,78,78,0,Medium
9443953198690374447,1,0,2,5.0,ideal,Brush,1,69.0,78,78,0,Medium
14136974800329558489,1,0,3,5.0,ideal,Brush,1,55.0,233,233,0,High
11719389539775751119,1,0,3,5.0,ideal,Brush,1,49.0,78,78,0,Medium
14115593382806106064,1,0,3,5.0,ideal,Brush,1,49.0,78,78,0,Medium
12410575922566828083,1,0,3,10.0,ideal,Brush,1,118.0,78,78,0,Medium
12832148124894229179,1,0,3,5.0,ideal,Brush,1,49.0,77,77,0,Medium
78640705127925322,1,0,3,5.0,paypal,Brush,1,69.0,77,77,0,Medium
8785009962303155390,1,0,3,5.0,ideal,Brush,1,49.0,77,77,0,Medium
13829763030423195703,1,0,2,5.0,ideal,Brush,1,49.0,77,77,0,Medium
9152219171184865885,1,0,2,5.0,ideal,Brush,1,49.0,77,77,0,Medium
6141239781521511845,1,0,3,5.0,ideal,Brush,1,60.0,232,232,0,High
9002881441196956467,1,0,1,5.0,ideal,Brush,1,49.0,77,77,0,Medium
2723295589121641308,1,0,3,5.0,ideal,Brush,1,49.0,77,77,0,Medium
1779536364770803996,1,0,3,5.0,ideal,Brush,1,49.0,56,56,0,Low
16278191481076353693,1,0,3,10.0,ideal,Heads,2,103.0,56,77,0,Medium
8791247573409229790,1,0,3,5.0,ideal,Brush,1,49.0,77,77,0,Medium
2906413581282905361,1,0,3,5.0,ideal,Brush,1,49.0,77,77,0,Medium
18376938161660149939,1,0,3,10.0,paypal,Brush,1,138.0,77,77,0,Medium
12158826644895990813,1,1,2,10.0,ideal,Brush,4,251.0,0,77,0,Medium
9241859351133970354,1,0,2,5.0,ideal,Heads,1,74.0,77,77,0,Medium
6719897400227932307,1,1,3,10.0,ideal,Brush,4,276.0,1,77,0,Medium
3210956307751536961,1,0,2,10.0,ideal,Brush,1,118.0,77,77,0,Medium
11508364014279763800,1,0,3,5.0,ideal,Brush,1,49.0,77,77,0,Medium
5484096121947377567,1,0,2,5.0,ideal,Brush,1,69.0,77,77,0,Medium
5303401224495527567,1,0,2,5.0,paypal,Brush,1,69.0,77,77,0,Medium
13527062991160909940,1,0,2,5.0,ideal,Brush,1,49.0,76,76,0,Medium
4064361528081296032,1,0,3,5.0,ideal,Brush,1,59.0,59,59,0,Low
18308160567335506230,1,0,2,5.0,ideal,Brush,1,49.0,76,76,0,Medium
13347940628899239527,1,0,3,5.0,ideal,Heads,1,79.0,76,76,0,Medium
15638461826722808853,1,0,1,5.0,ideal,Brush,1,69.0,76,12,1,Low
6764347176431697754,1,0,3,5.0,creditcard,Brush,1,49.0,76,76,0,Medium
774629713250667000,1,0,2,5.0,ideal,Brush,1,49.0,76,76,0,Medium
2083930840609958914,1,0,3,5.0,ideal,Brush,1,49.0,76,76,0,Medium
1381570858736971518,1,0,3,5.0,ideal,Brush,1,49.0,76,76,0,Medium
11485653625740925460,1,0,2,5.0,paypal,Brush,1,49.0,76,76,0,Medium
12841795809892393423,1,0,3,5.0,ideal,Brush,1,69.0,75,75,0,Medium
6190415694112623005,1,0,3,10.0,creditcard,Heads,1,74.0,75,75,0,Medium
10246856858225731886,1,0,3,10.0,creditcard,Brush,2,123.95,225,225,0,High
2318394229112471814,1,0,3,5.0,ideal,Cables,1,54.0,75,75,0,Medium
3426684537457155649,1,0,3,5.0,ideal,Brush,1,49.0,75,75,0,Medium
4395893907516657368,1,0,3,5.0,ideal,Brush,1,49.0,75,75,0,Medium
7351749810326227266,1,0,2,5.0,ideal,Brush,1,49.0,75,75,0,Medium
16523232688838209303,1,0,2,5.0,ideal,Brush,1,49.0,75,75,0,Medium
17048930191985707776,1,0,3,10.0,ideal,Brush,1,98.0,75,75,0,Medium
14008324301085392841,0,0,3,5.0,ideal,Brush,1,49.0,73,73,0,Medium
9565312983030009196,1,0,3,5.0,ideal,Brush,1,49.0,75,75,0,Medium
12368400222081478953,1,0,3,5.0,ideal,Brush,1,49.0,75,75,0,Medium
2696660502616835356,1,0,3,10.0,ideal,Brush,1,98.0,75,75,0,Medium
10010061831476627590,1,0,2,5.0,ideal,Brush,1,49.0,75,75,0,Medium
14189466297994129607,1,0,3,10.0,ideal,Heads,1,54.0,75,75,0,Medium
5141209517276802220,1,0,3,5.0,creditcard,Brush,1,49.0,75,75,0,Medium
259664664674006988,1,0,3,5.0,ideal,Brush,1,69.0,75,75,0,Medium
14772683132146444637,1,0,3,10.0,ideal,Brush,1,98.0,75,75,0,Medium
118288968640116846,1,0,2,5.0,ideal,Brush,1,69.0,75,75,0,Medium
2117288415203590874,1,0,3,5.0,ideal,Brush,1,59.0,222,222,0,High
3407873833145475851,1,0,3,5.0,paypal,Brush,1,49.0,75,75,0,Medium
12150799287145991312,1,0,3,10.0,ideal,Brush,1,98.0,75,75,0,Medium
10679687094341213737,1,0,1,5.0,paypal,Heads,1,59.0,75,75,0,Medium
4699176249228695370,1,0,3,5.0,paypal,Brush,1,69.0,75,75,0,Medium
8013129281806279420,1,0,3,5.0,ideal,Brush,1,49.0,75,75,0,Medium
14420234406260153761,1,0,3,5.0,paypal,Brush,1,49.0,74,74,0,Medium
7887956519408805785,1,0,3,5.0,ideal,Heads,1,54.0,74,74,0,Medium
14653939460695199358,1,0,2,5.0,ideal,Brush,1,49.0,74,74,0,Medium
2407631260344863448,1,0,3,5.0,ideal,Brush,1,54.0,221,221,0,High
7793132220973664468,1,0,3,5.0,ideal,Brush,1,49.0,72,72,0,Medium
16827991612527469530,1,0,3,5.0,ideal,Heads,1,54.0,74,74,0,Medium
16287839248829613534,1,0,3,5.0,ideal,Brush,1,49.0,74,74,0,Medium
7574527108746624252,1,0,3,5.0,ideal,Brush,1,49.0,74,74,0,Medium
943854623907589384,1,0,3,5.0,ideal,Brush,2,98.0,74,74,0,Medium
8573245914966710449,1,0,3,5.0,ideal,Brush,1,69.0,74,74,0,Medium
2579813934026290619,1,0,3,5.0,creditcard,Brush,1,49.0,73,73,0,Medium
13394851505745516140,1,0,3,5.0,ideal,Brush,1,49.0,73,73,0,Medium
5094420626618962167,1,0,2,5.0,ideal,Brush,1,49.0,73,73,0,Medium
2598732136082716698,1,0,2,5.0,ideal,Brush,1,69.0,73,73,0,Medium
4043040840710217386,1,0,2,5.0,ideal,Brush,1,49.0,73,73,0,Medium
9883491235021173203,1,0,2,5.0,creditcard,Brush,1,49.0,73,73,0,Medium
12420419988697937451,1,0,2,5.0,ideal,Brush,1,49.0,73,73,0,Medium
17841564621532264465,1,0,3,5.0,ideal,Brush,1,49.0,73,73,0,Medium
6279738906185503810,1,0,3,5.0,ideal,Brush,1,54.0,219,39,1,Low
1543852964382658010,1,0,3,5.0,ideal,Brush,1,49.0,73,73,0,Medium
12773536122697132634,1,0,3,5.0,ideal,Brush,1,49.0,73,73,0,Medium
15551303797767662259,1,0,2,5.0,ideal,Brush,1,49.0,73,73,0,Medium
9478052135522237492,1,0,2,10.0,ideal,Brush,1,98.0,73,73,0,Medium
1933951371332009424,1,0,2,5.0,ideal,Brush,1,118.0,73,73,0,Medium
8899394599472681594,1,0,3,5.0,ideal,Brush,1,69.0,73,73,0,Medium
9583807069345660686,1,0,3,5.0,creditcard,Brush,1,49.0,73,73,0,Medium
249823709543661839,1,0,2,5.0,ideal,Heads,1,74.0,72,72,0,Medium
15825267318528327447,1,0,3,5.0,ideal,Brush,1,54.0,219,219,0,High
13456701448594230895,1,0,2,5.0,ideal,Brush,1,49.0,72,72,0,Medium
13336494888398535630,1,0,3,5.0,ideal,Brush,1,49.0,72,72,0,Medium
7515684243299308806,1,0,3,10.0,creditcard,Brush,2,98.0,72,72,0,Medium
13835910404817630426,1,0,2,5.0,ideal,Brush,1,49.0,72,72,0,Medium
12810598585177484380,0,0,3,10.0,ideal,Brush,1,118.0,72,72,1,Medium
15170475597245297857,1,0,3,5.0,paypal,Brush,1,49.0,72,72,0,Medium
7211546374241515435,0,0,2,5.0,ideal,Brush,1,49.0,72,72,1,Medium
13933873768050776765,1,0,3,5.0,ideal,Brush,1,49.0,72,72,0,Medium
10865192579328286149,1,0,3,5.0,ideal,Brush,1,69.0,219,219,0,High
12389140477539815498,1,0,3,5.0,paypal,Brush,1,49.0,72,72,0,Medium
11448359147212185584,1,0,3,10.0,ideal,Heads,1,54.0,72,72,0,Medium
1380930593138490988,1,0,3,10.0,ideal,Brush,1,98.0,72,72,0,Medium
841524327698740979,1,0,2,5.0,ideal,Brush,1,49.0,72,72,0,Medium
4137028771561623612,1,0,3,10.0,paypal,Brush,2,98.0,72,72,0,Medium
16659267984240367819,1,0,2,10.0,creditcard,Brush,1,98.0,65,65,0,Medium
1349281443688950703,1,0,2,5.0,ideal,Brush,1,49.0,72,72,0,Medium
11708976202825534347,1,0,3,5.0,ideal,Brush,1,54.0,218,218,0,High
10185667605653348148,1,0,3,5.0,creditcard,Brush,1,49.0,72,72,0,Medium
6306849483394938073,1,0,3,10.0,ideal,Brush,1,98.0,72,72,0,Medium
18139639685611768723,1,0,2,5.0,ideal,Brush,1,69.0,72,72,0,Medium
7185019314276310123,1,0,3,5.0,ideal,Brush,1,49.0,72,72,0,Medium
3791039045029860767,1,0,3,5.0,paypal,Brush,1,49.0,71,71,0,Medium
16855058128627158388,1,0,2,5.0,ideal,Brush,1,69.0,71,71,0,Medium
17482420833419668499,1,0,3,5.0,ideal,Brush,2,523.0,30,71,0,Medium
2727988221176127764,1,0,3,10.0,creditcard,Brush,1,138.0,71,71,0,Medium
4529380368603085522,1,0,3,5.0,ideal,Brush,1,59.0,71,71,0,Medium
17853517762263902290,1,0,3,5.0,ideal,Brush,1,54.0,218,218,0,High
12604353168355924785,1,0,2,10.0,ideal,Brush,1,98.0,71,71,0,Medium
12807947650172273312,1,0,2,10.0,ideal,Brush,1,98.0,71,71,0,Medium
2201737743416803254,1,0,3,5.0,ideal,Brush,1,59.0,71,71,0,Medium
15529962691973709313,1,0,3,10.0,ideal,Brush,2,157.0,55,71,0,Medium
17757815534213513011,1,0,3,5.0,ideal,Brush,1,59.0,70,70,0,Medium
7120322293640146361,1,0,3,5.0,creditcard,Brush,1,54.0,218,218,0,High
6873615301519821056,1,0,3,5.0,ideal,Brush,1,59.0,69,69,0,Medium
13165336591922265996,1,0,2,10.0,ideal,Brush,1,118.0,69,69,0,Medium
3945294765891482450,1,0,2,5.0,ideal,Brush,1,59.0,68,68,0,Medium
7265711577810128793,1,0,3,5.0,ideal,Brush,1,79.0,69,69,0,Medium
16661228529684283789,1,0,3,10.0,ideal,Brush,1,118.0,69,69,0,Medium
8697861675335928297,1,0,3,10.0,ideal,Brush,1,118.0,69,69,0,Medium
143826176443290150,1,0,2,5.0,ideal,Brush,1,79.0,69,69,0,Medium
13865676262448263,1,0,3,5.0,ideal,Brush,1,54.0,217,163,1,High
16560064687138181628,1,0,3,5.0,ideal,Brush,1,79.0,69,69,0,Medium
16861795451476647689,1,0,3,5.0,ideal,Brush,1,69.0,69,69,0,Medium
17558914436370881594,0,0,3,10.0,ideal,Heads,1,103.0,69,69,0,Medium
15818628675353970097,1,0,3,10.0,ideal,Brush,1,118.0,69,69,0,Medium
15596433320270243314,1,0,3,5.0,ideal,Brush,1,59.0,69,69,0,Medium
10745335346141623550,1,0,3,10.0,ideal,Brush,1,118.0,68,68,0,Medium
12810139319913515694,0,0,3,5.0,ideal,Brush,1,158.0,68,68,0,Medium
8944933049425168404,1,0,2,5.0,ideal,Brush,1,69.0,68,68,0,Medium
17174175164805060030,1,0,3,5.0,ideal,Brush,1,54.0,217,217,0,High
10173444776432091953,1,0,3,10.0,ideal,Brush,1,108.0,68,68,0,Medium
13285187176158404440,1,0,3,5.0,ideal,Brush,1,79.0,67,67,0,Medium
2062826636957736578,1,0,2,5.0,ideal,Brush,1,79.0,67,67,0,Medium
12976144141776893305,1,0,1,5.0,ideal,Brush,1,79.0,67,67,0,Medium
3268560322686142709,1,0,3,5.0,ideal,Brush,1,79.0,67,67,0,Medium
15074063836055875062,1,0,3,5.0,ideal,Brush,1,79.0,67,67,0,Medium
5322434471778858021,1,0,3,10.0,ideal,Brush,2,108.0,61,66,0,Medium
1046436051545085824,1,0,3,5.0,ideal,Brush,1,49.0,66,66,0,Medium
